-- ============================================================
--  04_seed.sql - Datos de prueba (MySQL 8) - MUNDIAL 2026
--  Datos reales: 48 selecciones, 16 estadios sede y los 104
--  partidos (fase de grupos + llaves) tomados de openfootball
--  (github.com/openfootball/worldcup.json, dominio publico).
--  Las llaves desde Octavos se proyectan de forma determinista
--  (aun no se jugaron al 29/06/2026).
--
--  Solo corre en la primera inicializacion del volumen; para
--  recargar: docker compose down -v && docker compose up -d.
--  Login de todos los usuarios: contrasenia 'demo1234'.
-- ============================================================

-- ---------- Reset idempotente: deja la base en el mismo estado
--  cada vez que se corre. TRUNCATE no dispara triggers (evita
--  tr_evento_sector_del) y reinicia los AUTO_INCREMENT. Requiere
--  privilegio DROP (lo tiene el usuario de la UCU). ----------
SET FOREIGN_KEY_CHECKS = 0;
TRUNCATE TABLE validacion;
TRUNCATE TABLE transferencia;
TRUNCATE TABLE codigo_qr;
TRUNCATE TABLE usuario_tiene_entradas;
TRUNCATE TABLE entrada;
TRUNCATE TABLE funcionario_asignado;
TRUNCATE TABLE venta;
TRUNCATE TABLE funcionario_dispositivo;
TRUNCATE TABLE evento_sector;
TRUNCATE TABLE evento;
TRUNCATE TABLE sector;
TRUNCATE TABLE estadio;
TRUNCATE TABLE equipo;
TRUNCATE TABLE comision;
TRUNCATE TABLE credencial;
TRUNCATE TABLE telefono_usuario;
TRUNCATE TABLE administrador;
TRUNCATE TABLE funcionario;
TRUNCATE TABLE usuario_general;
TRUNCATE TABLE dispositivo;
SET FOREIGN_KEY_CHECKS = 1;

-- ---------- 48 selecciones clasificadas ----------
INSERT INTO equipo(pais, nombre) VALUES
 ('MEX','Mexico'),
 ('RSA','South Africa'),
 ('KOR','South Korea'),
 ('CZE','Czech Republic'),
 ('CAN','Canada'),
 ('BIH','Bosnia & Herzegovina'),
 ('QAT','Qatar'),
 ('SUI','Switzerland'),
 ('BRA','Brazil'),
 ('MAR','Morocco'),
 ('HAI','Haiti'),
 ('SCO','Scotland'),
 ('USA','USA'),
 ('PAR','Paraguay'),
 ('AUS','Australia'),
 ('TUR','Turkey'),
 ('GER','Germany'),
 ('CUW','Curaçao'),
 ('CIV','Ivory Coast'),
 ('ECU','Ecuador'),
 ('NED','Netherlands'),
 ('JPN','Japan'),
 ('SWE','Sweden'),
 ('TUN','Tunisia'),
 ('BEL','Belgium'),
 ('EGY','Egypt'),
 ('IRN','Iran'),
 ('NZL','New Zealand'),
 ('ESP','Spain'),
 ('CPV','Cape Verde'),
 ('KSA','Saudi Arabia'),
 ('URU','Uruguay'),
 ('FRA','France'),
 ('SEN','Senegal'),
 ('IRQ','Iraq'),
 ('NOR','Norway'),
 ('ARG','Argentina'),
 ('ALG','Algeria'),
 ('AUT','Austria'),
 ('JOR','Jordan'),
 ('POR','Portugal'),
 ('COD','DR Congo'),
 ('UZB','Uzbekistan'),
 ('COL','Colombia'),
 ('ENG','England'),
 ('CRO','Croatia'),
 ('GHA','Ghana'),
 ('PAN','Panama');

-- ---------- 16 estadios sede (USA, Canada, Mexico) ----------
INSERT INTO estadio(nombre, direccion) VALUES
 ('BC Place','Vancouver, Canada'),
 ('Lumen Field','Seattle, USA'),
 ('Levi''s Stadium','San Francisco Bay Area (Santa Clara), USA'),
 ('SoFi Stadium','Los Angeles (Inglewood), USA'),
 ('Estadio Akron','Guadalajara (Zapopan), Mexico'),
 ('Estadio Azteca','Mexico City, Mexico'),
 ('Estadio BBVA','Monterrey (Guadalupe), Mexico'),
 ('NRG Stadium','Houston, USA'),
 ('AT&T Stadium','Dallas (Arlington), USA'),
 ('Arrowhead Stadium','Kansas City, USA'),
 ('Mercedes-Benz Stadium','Atlanta, USA'),
 ('Hard Rock Stadium','Miami (Miami Gardens), USA'),
 ('BMO Field','Toronto, Canada'),
 ('Gillette Stadium','Boston (Foxborough), USA'),
 ('Lincoln Financial Field','Philadelphia, USA'),
 ('MetLife Stadium','New York/New Jersey (East Rutherford), USA');

-- ---------- Sectores A/B/C/D por estadio (capacidad = limite duro) ----------
INSERT INTO sector(nombre_estadio, nombre, capacidad, costo_entrada) VALUES
 ('BC Place','A',150,600.00),
 ('BC Place','B',400,350.00),
 ('BC Place','C',800,180.00),
 ('BC Place','D',1500,90.00),
 ('Lumen Field','A',150,600.00),
 ('Lumen Field','B',400,350.00),
 ('Lumen Field','C',800,180.00),
 ('Lumen Field','D',1500,90.00),
 ('Levi''s Stadium','A',150,600.00),
 ('Levi''s Stadium','B',400,350.00),
 ('Levi''s Stadium','C',800,180.00),
 ('Levi''s Stadium','D',1500,90.00),
 ('SoFi Stadium','A',150,780.00),
 ('SoFi Stadium','B',400,455.00),
 ('SoFi Stadium','C',800,234.00),
 ('SoFi Stadium','D',1500,117.00),
 ('Estadio Akron','A',150,600.00),
 ('Estadio Akron','B',400,350.00),
 ('Estadio Akron','C',800,180.00),
 ('Estadio Akron','D',1500,90.00),
 ('Estadio Azteca','A',150,840.00),
 ('Estadio Azteca','B',400,490.00),
 ('Estadio Azteca','C',800,252.00),
 ('Estadio Azteca','D',1500,126.00),
 ('Estadio BBVA','A',150,600.00),
 ('Estadio BBVA','B',400,350.00),
 ('Estadio BBVA','C',800,180.00),
 ('Estadio BBVA','D',1500,90.00),
 ('NRG Stadium','A',150,600.00),
 ('NRG Stadium','B',400,350.00),
 ('NRG Stadium','C',800,180.00),
 ('NRG Stadium','D',1500,90.00),
 ('AT&T Stadium','A',150,780.00),
 ('AT&T Stadium','B',400,455.00),
 ('AT&T Stadium','C',800,234.00),
 ('AT&T Stadium','D',1500,117.00),
 ('Arrowhead Stadium','A',150,600.00),
 ('Arrowhead Stadium','B',400,350.00),
 ('Arrowhead Stadium','C',800,180.00),
 ('Arrowhead Stadium','D',1500,90.00),
 ('Mercedes-Benz Stadium','A',150,720.00),
 ('Mercedes-Benz Stadium','B',400,420.00),
 ('Mercedes-Benz Stadium','C',800,216.00),
 ('Mercedes-Benz Stadium','D',1500,108.00),
 ('Hard Rock Stadium','A',150,600.00),
 ('Hard Rock Stadium','B',400,350.00),
 ('Hard Rock Stadium','C',800,180.00),
 ('Hard Rock Stadium','D',1500,90.00),
 ('BMO Field','A',150,600.00),
 ('BMO Field','B',400,350.00),
 ('BMO Field','C',800,180.00),
 ('BMO Field','D',1500,90.00),
 ('Gillette Stadium','A',150,600.00),
 ('Gillette Stadium','B',400,350.00),
 ('Gillette Stadium','C',800,180.00),
 ('Gillette Stadium','D',1500,90.00),
 ('Lincoln Financial Field','A',150,600.00),
 ('Lincoln Financial Field','B',400,350.00),
 ('Lincoln Financial Field','C',800,180.00),
 ('Lincoln Financial Field','D',1500,90.00),
 ('MetLife Stadium','A',150,960.00),
 ('MetLife Stadium','B',400,560.00),
 ('MetLife Stadium','C',800,288.00),
 ('MetLife Stadium','D',1500,144.00);

-- ---------- 104 eventos: todos los partidos del Mundial ----------
INSERT INTO evento(id_evento, nombre, fecha_inicio, fecha_fin, pais_local, pais_visitante, nombre_estadio) VALUES
 (1,'Mexico vs South Africa (Matchday 1)','2026-06-11 19:00:00','2026-06-11 21:00:00','MEX','RSA','Estadio Azteca'),
 (2,'South Korea vs Czech Republic (Matchday 1)','2026-06-12 02:00:00','2026-06-12 04:00:00','KOR','CZE','Estadio Akron'),
 (3,'Czech Republic vs South Africa (Matchday 8)','2026-06-18 16:00:00','2026-06-18 18:00:00','CZE','RSA','Mercedes-Benz Stadium'),
 (4,'Mexico vs South Korea (Matchday 8)','2026-06-19 01:00:00','2026-06-19 03:00:00','MEX','KOR','Estadio Akron'),
 (5,'Czech Republic vs Mexico (Matchday 14)','2026-06-25 01:00:00','2026-06-25 03:00:00','CZE','MEX','Estadio Azteca'),
 (6,'South Africa vs South Korea (Matchday 14)','2026-06-25 01:00:00','2026-06-25 03:00:00','RSA','KOR','Estadio BBVA'),
 (7,'Canada vs Bosnia & Herzegovina (Matchday 2)','2026-06-12 19:00:00','2026-06-12 21:00:00','CAN','BIH','BMO Field'),
 (8,'Qatar vs Switzerland (Matchday 3)','2026-06-13 19:00:00','2026-06-13 21:00:00','QAT','SUI','Levi''s Stadium'),
 (9,'Switzerland vs Bosnia & Herzegovina (Matchday 8)','2026-06-18 19:00:00','2026-06-18 21:00:00','SUI','BIH','SoFi Stadium'),
 (10,'Canada vs Qatar (Matchday 8)','2026-06-18 22:00:00','2026-06-19 00:00:00','CAN','QAT','BC Place'),
 (11,'Switzerland vs Canada (Matchday 14)','2026-06-24 19:00:00','2026-06-24 21:00:00','SUI','CAN','BC Place'),
 (12,'Bosnia & Herzegovina vs Qatar (Matchday 14)','2026-06-24 19:00:00','2026-06-24 21:00:00','BIH','QAT','Lumen Field'),
 (13,'Brazil vs Morocco (Matchday 3)','2026-06-13 22:00:00','2026-06-14 00:00:00','BRA','MAR','MetLife Stadium'),
 (14,'Haiti vs Scotland (Matchday 3)','2026-06-14 01:00:00','2026-06-14 03:00:00','HAI','SCO','Gillette Stadium'),
 (15,'Scotland vs Morocco (Matchday 9)','2026-06-19 22:00:00','2026-06-20 00:00:00','SCO','MAR','Gillette Stadium'),
 (16,'Brazil vs Haiti (Matchday 9)','2026-06-20 00:30:00','2026-06-20 02:30:00','BRA','HAI','Lincoln Financial Field'),
 (17,'Scotland vs Brazil (Matchday 14)','2026-06-24 22:00:00','2026-06-25 00:00:00','SCO','BRA','Hard Rock Stadium'),
 (18,'Morocco vs Haiti (Matchday 14)','2026-06-24 22:00:00','2026-06-25 00:00:00','MAR','HAI','Mercedes-Benz Stadium'),
 (19,'USA vs Paraguay (Matchday 2)','2026-06-13 01:00:00','2026-06-13 03:00:00','USA','PAR','SoFi Stadium'),
 (20,'Australia vs Turkey (Matchday 3)','2026-06-14 04:00:00','2026-06-14 06:00:00','AUS','TUR','BC Place'),
 (21,'USA vs Australia (Matchday 9)','2026-06-19 19:00:00','2026-06-19 21:00:00','USA','AUS','Lumen Field'),
 (22,'Turkey vs Paraguay (Matchday 9)','2026-06-20 03:00:00','2026-06-20 05:00:00','TUR','PAR','Levi''s Stadium'),
 (23,'Turkey vs USA (Matchday 15)','2026-06-26 02:00:00','2026-06-26 04:00:00','TUR','USA','SoFi Stadium'),
 (24,'Paraguay vs Australia (Matchday 15)','2026-06-26 02:00:00','2026-06-26 04:00:00','PAR','AUS','Levi''s Stadium'),
 (25,'Germany vs Curaçao (Matchday 4)','2026-06-14 17:00:00','2026-06-14 19:00:00','GER','CUW','NRG Stadium'),
 (26,'Ivory Coast vs Ecuador (Matchday 4)','2026-06-14 23:00:00','2026-06-15 01:00:00','CIV','ECU','Lincoln Financial Field'),
 (27,'Germany vs Ivory Coast (Matchday 10)','2026-06-20 20:00:00','2026-06-20 22:00:00','GER','CIV','BMO Field'),
 (28,'Ecuador vs Curaçao (Matchday 10)','2026-06-21 00:00:00','2026-06-21 02:00:00','ECU','CUW','Arrowhead Stadium'),
 (29,'Curaçao vs Ivory Coast (Matchday 15)','2026-06-25 20:00:00','2026-06-25 22:00:00','CUW','CIV','Lincoln Financial Field'),
 (30,'Ecuador vs Germany (Matchday 15)','2026-06-25 20:00:00','2026-06-25 22:00:00','ECU','GER','MetLife Stadium'),
 (31,'Netherlands vs Japan (Matchday 4)','2026-06-14 20:00:00','2026-06-14 22:00:00','NED','JPN','AT&T Stadium'),
 (32,'Sweden vs Tunisia (Matchday 4)','2026-06-15 02:00:00','2026-06-15 04:00:00','SWE','TUN','Estadio BBVA'),
 (33,'Netherlands vs Sweden (Matchday 10)','2026-06-20 17:00:00','2026-06-20 19:00:00','NED','SWE','NRG Stadium'),
 (34,'Tunisia vs Japan (Matchday 10)','2026-06-21 04:00:00','2026-06-21 06:00:00','TUN','JPN','Estadio BBVA'),
 (35,'Japan vs Sweden (Matchday 15)','2026-06-25 23:00:00','2026-06-26 01:00:00','JPN','SWE','AT&T Stadium'),
 (36,'Tunisia vs Netherlands (Matchday 15)','2026-06-25 23:00:00','2026-06-26 01:00:00','TUN','NED','Arrowhead Stadium'),
 (37,'Belgium vs Egypt (Matchday 5)','2026-06-15 19:00:00','2026-06-15 21:00:00','BEL','EGY','Lumen Field'),
 (38,'Iran vs New Zealand (Matchday 5)','2026-06-16 01:00:00','2026-06-16 03:00:00','IRN','NZL','SoFi Stadium'),
 (39,'Belgium vs Iran (Matchday 11)','2026-06-21 19:00:00','2026-06-21 21:00:00','BEL','IRN','SoFi Stadium'),
 (40,'New Zealand vs Egypt (Matchday 11)','2026-06-22 01:00:00','2026-06-22 03:00:00','NZL','EGY','BC Place'),
 (41,'Egypt vs Iran (Matchday 16)','2026-06-27 03:00:00','2026-06-27 05:00:00','EGY','IRN','Lumen Field'),
 (42,'New Zealand vs Belgium (Matchday 16)','2026-06-27 03:00:00','2026-06-27 05:00:00','NZL','BEL','BC Place'),
 (43,'Spain vs Cape Verde (Matchday 5)','2026-06-15 16:00:00','2026-06-15 18:00:00','ESP','CPV','Mercedes-Benz Stadium'),
 (44,'Saudi Arabia vs Uruguay (Matchday 5)','2026-06-15 22:00:00','2026-06-16 00:00:00','KSA','URU','Hard Rock Stadium'),
 (45,'Spain vs Saudi Arabia (Matchday 11)','2026-06-21 16:00:00','2026-06-21 18:00:00','ESP','KSA','Mercedes-Benz Stadium'),
 (46,'Uruguay vs Cape Verde (Matchday 11)','2026-06-21 22:00:00','2026-06-22 00:00:00','URU','CPV','Hard Rock Stadium'),
 (47,'Cape Verde vs Saudi Arabia (Matchday 16)','2026-06-27 00:00:00','2026-06-27 02:00:00','CPV','KSA','NRG Stadium'),
 (48,'Uruguay vs Spain (Matchday 16)','2026-06-27 00:00:00','2026-06-27 02:00:00','URU','ESP','Estadio Akron'),
 (49,'France vs Senegal (Matchday 6)','2026-06-16 19:00:00','2026-06-16 21:00:00','FRA','SEN','MetLife Stadium'),
 (50,'Iraq vs Norway (Matchday 6)','2026-06-16 22:00:00','2026-06-17 00:00:00','IRQ','NOR','Gillette Stadium'),
 (51,'France vs Iraq (Matchday 12)','2026-06-22 21:00:00','2026-06-22 23:00:00','FRA','IRQ','Lincoln Financial Field'),
 (52,'Norway vs Senegal (Matchday 12)','2026-06-23 00:00:00','2026-06-23 02:00:00','NOR','SEN','MetLife Stadium'),
 (53,'Norway vs France (Matchday 16)','2026-06-26 19:00:00','2026-06-26 21:00:00','NOR','FRA','Gillette Stadium'),
 (54,'Senegal vs Iraq (Matchday 16)','2026-06-26 19:00:00','2026-06-26 21:00:00','SEN','IRQ','BMO Field'),
 (55,'Argentina vs Algeria (Matchday 6)','2026-06-17 01:00:00','2026-06-17 03:00:00','ARG','ALG','Arrowhead Stadium'),
 (56,'Austria vs Jordan (Matchday 6)','2026-06-17 04:00:00','2026-06-17 06:00:00','AUT','JOR','Levi''s Stadium'),
 (57,'Argentina vs Austria (Matchday 12)','2026-06-22 17:00:00','2026-06-22 19:00:00','ARG','AUT','AT&T Stadium'),
 (58,'Jordan vs Algeria (Matchday 12)','2026-06-23 03:00:00','2026-06-23 05:00:00','JOR','ALG','Levi''s Stadium'),
 (59,'Algeria vs Austria (Matchday 17)','2026-06-28 02:00:00','2026-06-28 04:00:00','ALG','AUT','Arrowhead Stadium'),
 (60,'Jordan vs Argentina (Matchday 17)','2026-06-28 02:00:00','2026-06-28 04:00:00','JOR','ARG','AT&T Stadium'),
 (61,'Portugal vs DR Congo (Matchday 7)','2026-06-17 17:00:00','2026-06-17 19:00:00','POR','COD','NRG Stadium'),
 (62,'Uzbekistan vs Colombia (Matchday 7)','2026-06-18 02:00:00','2026-06-18 04:00:00','UZB','COL','Estadio Azteca'),
 (63,'Portugal vs Uzbekistan (Matchday 13)','2026-06-23 17:00:00','2026-06-23 19:00:00','POR','UZB','NRG Stadium'),
 (64,'Colombia vs DR Congo (Matchday 13)','2026-06-24 02:00:00','2026-06-24 04:00:00','COL','COD','Estadio Akron'),
 (65,'Colombia vs Portugal (Matchday 17)','2026-06-27 23:30:00','2026-06-28 01:30:00','COL','POR','Hard Rock Stadium'),
 (66,'DR Congo vs Uzbekistan (Matchday 17)','2026-06-27 23:30:00','2026-06-28 01:30:00','COD','UZB','Mercedes-Benz Stadium'),
 (67,'England vs Croatia (Matchday 7)','2026-06-17 20:00:00','2026-06-17 22:00:00','ENG','CRO','AT&T Stadium'),
 (68,'Ghana vs Panama (Matchday 7)','2026-06-17 23:00:00','2026-06-18 01:00:00','GHA','PAN','BMO Field'),
 (69,'England vs Ghana (Matchday 13)','2026-06-23 20:00:00','2026-06-23 22:00:00','ENG','GHA','Gillette Stadium'),
 (70,'Panama vs Croatia (Matchday 13)','2026-06-23 23:00:00','2026-06-24 01:00:00','PAN','CRO','BMO Field'),
 (71,'Panama vs England (Matchday 17)','2026-06-27 21:00:00','2026-06-27 23:00:00','PAN','ENG','MetLife Stadium'),
 (72,'Croatia vs Ghana (Matchday 17)','2026-06-27 21:00:00','2026-06-27 23:00:00','CRO','GHA','Lincoln Financial Field'),
 (73,'South Africa vs Canada (Round of 32)','2026-06-28 19:00:00','2026-06-28 21:00:00','RSA','CAN','SoFi Stadium'),
 (74,'Germany vs Paraguay (Round of 32)','2026-06-29 20:30:00','2026-06-29 22:30:00','GER','PAR','Gillette Stadium'),
 (75,'Netherlands vs Morocco (Round of 32)','2026-06-30 01:00:00','2026-06-30 03:00:00','NED','MAR','Estadio BBVA'),
 (76,'Brazil vs Japan (Round of 32)','2026-06-29 17:00:00','2026-06-29 19:00:00','BRA','JPN','NRG Stadium'),
 (77,'France vs Sweden (Round of 32)','2026-06-30 21:00:00','2026-06-30 23:00:00','FRA','SWE','MetLife Stadium'),
 (78,'Ivory Coast vs Norway (Round of 32)','2026-06-30 17:00:00','2026-06-30 19:00:00','CIV','NOR','AT&T Stadium'),
 (79,'Mexico vs Ecuador (Round of 32)','2026-07-01 01:00:00','2026-07-01 03:00:00','MEX','ECU','Estadio Azteca'),
 (80,'England vs DR Congo (Round of 32)','2026-07-01 16:00:00','2026-07-01 18:00:00','ENG','COD','Mercedes-Benz Stadium'),
 (81,'USA vs Bosnia & Herzegovina (Round of 32)','2026-07-02 00:00:00','2026-07-02 02:00:00','USA','BIH','Levi''s Stadium'),
 (82,'Belgium vs Senegal (Round of 32)','2026-07-01 20:00:00','2026-07-01 22:00:00','BEL','SEN','Lumen Field'),
 (83,'Portugal vs Croatia (Round of 32)','2026-07-02 23:00:00','2026-07-03 01:00:00','POR','CRO','BMO Field'),
 (84,'Spain vs Austria (Round of 32)','2026-07-02 19:00:00','2026-07-02 21:00:00','ESP','AUT','SoFi Stadium'),
 (85,'Switzerland vs Algeria (Round of 32)','2026-07-03 03:00:00','2026-07-03 05:00:00','SUI','ALG','BC Place'),
 (86,'Argentina vs Cape Verde (Round of 32)','2026-07-03 22:00:00','2026-07-04 00:00:00','ARG','CPV','Hard Rock Stadium'),
 (87,'Colombia vs Ghana (Round of 32)','2026-07-04 01:30:00','2026-07-04 03:30:00','COL','GHA','Arrowhead Stadium'),
 (88,'Australia vs Egypt (Round of 32)','2026-07-03 18:00:00','2026-07-03 20:00:00','AUS','EGY','AT&T Stadium'),
 (89,'Germany vs France (Round of 16)','2026-07-04 21:00:00','2026-07-04 23:00:00','GER','FRA','Lincoln Financial Field'),
 (90,'Canada vs Netherlands (Round of 16)','2026-07-04 17:00:00','2026-07-04 19:00:00','CAN','NED','NRG Stadium'),
 (91,'Brazil vs Ivory Coast (Round of 16)','2026-07-05 20:00:00','2026-07-05 22:00:00','BRA','CIV','MetLife Stadium'),
 (92,'Mexico vs England (Round of 16)','2026-07-06 00:00:00','2026-07-06 02:00:00','MEX','ENG','Estadio Azteca'),
 (93,'Portugal vs Spain (Round of 16)','2026-07-06 19:00:00','2026-07-06 21:00:00','POR','ESP','AT&T Stadium'),
 (94,'USA vs Belgium (Round of 16)','2026-07-07 00:00:00','2026-07-07 02:00:00','USA','BEL','Lumen Field'),
 (95,'Argentina vs Australia (Round of 16)','2026-07-07 16:00:00','2026-07-07 18:00:00','ARG','AUS','Mercedes-Benz Stadium'),
 (96,'Switzerland vs Colombia (Round of 16)','2026-07-07 20:00:00','2026-07-07 22:00:00','SUI','COL','BC Place'),
 (97,'Germany vs Canada (Quarter-final)','2026-07-09 20:00:00','2026-07-09 22:00:00','GER','CAN','Gillette Stadium'),
 (98,'Portugal vs USA (Quarter-final)','2026-07-10 19:00:00','2026-07-10 21:00:00','POR','USA','SoFi Stadium'),
 (99,'Brazil vs Mexico (Quarter-final)','2026-07-11 21:00:00','2026-07-11 23:00:00','BRA','MEX','Hard Rock Stadium'),
 (100,'Argentina vs Switzerland (Quarter-final)','2026-07-12 01:00:00','2026-07-12 03:00:00','ARG','SUI','Arrowhead Stadium'),
 (101,'Germany vs Portugal (Semi-final)','2026-07-14 19:00:00','2026-07-14 21:00:00','GER','POR','AT&T Stadium'),
 (102,'Brazil vs Argentina (Semi-final)','2026-07-15 19:00:00','2026-07-15 21:00:00','BRA','ARG','Mercedes-Benz Stadium'),
 (103,'Portugal vs Argentina (Match for third place)','2026-07-18 21:00:00','2026-07-18 23:00:00','POR','ARG','Hard Rock Stadium'),
 (104,'Germany vs Brazil (Final)','2026-07-19 19:00:00','2026-07-19 21:00:00','GER','BRA','MetLife Stadium');

-- ---------- Sectores habilitados por evento (A/B/C/D en cada partido) ----------
INSERT INTO evento_sector(id_evento, nombre_estadio, nombre_sector) VALUES
 (1,'Estadio Azteca','A'),
 (1,'Estadio Azteca','B'),
 (1,'Estadio Azteca','C'),
 (1,'Estadio Azteca','D'),
 (2,'Estadio Akron','A'),
 (2,'Estadio Akron','B'),
 (2,'Estadio Akron','C'),
 (2,'Estadio Akron','D'),
 (3,'Mercedes-Benz Stadium','A'),
 (3,'Mercedes-Benz Stadium','B'),
 (3,'Mercedes-Benz Stadium','C'),
 (3,'Mercedes-Benz Stadium','D'),
 (4,'Estadio Akron','A'),
 (4,'Estadio Akron','B'),
 (4,'Estadio Akron','C'),
 (4,'Estadio Akron','D'),
 (5,'Estadio Azteca','A'),
 (5,'Estadio Azteca','B'),
 (5,'Estadio Azteca','C'),
 (5,'Estadio Azteca','D'),
 (6,'Estadio BBVA','A'),
 (6,'Estadio BBVA','B'),
 (6,'Estadio BBVA','C'),
 (6,'Estadio BBVA','D'),
 (7,'BMO Field','A'),
 (7,'BMO Field','B'),
 (7,'BMO Field','C'),
 (7,'BMO Field','D'),
 (8,'Levi''s Stadium','A'),
 (8,'Levi''s Stadium','B'),
 (8,'Levi''s Stadium','C'),
 (8,'Levi''s Stadium','D'),
 (9,'SoFi Stadium','A'),
 (9,'SoFi Stadium','B'),
 (9,'SoFi Stadium','C'),
 (9,'SoFi Stadium','D'),
 (10,'BC Place','A'),
 (10,'BC Place','B'),
 (10,'BC Place','C'),
 (10,'BC Place','D'),
 (11,'BC Place','A'),
 (11,'BC Place','B'),
 (11,'BC Place','C'),
 (11,'BC Place','D'),
 (12,'Lumen Field','A'),
 (12,'Lumen Field','B'),
 (12,'Lumen Field','C'),
 (12,'Lumen Field','D'),
 (13,'MetLife Stadium','A'),
 (13,'MetLife Stadium','B'),
 (13,'MetLife Stadium','C'),
 (13,'MetLife Stadium','D'),
 (14,'Gillette Stadium','A'),
 (14,'Gillette Stadium','B'),
 (14,'Gillette Stadium','C'),
 (14,'Gillette Stadium','D'),
 (15,'Gillette Stadium','A'),
 (15,'Gillette Stadium','B'),
 (15,'Gillette Stadium','C'),
 (15,'Gillette Stadium','D'),
 (16,'Lincoln Financial Field','A'),
 (16,'Lincoln Financial Field','B'),
 (16,'Lincoln Financial Field','C'),
 (16,'Lincoln Financial Field','D'),
 (17,'Hard Rock Stadium','A'),
 (17,'Hard Rock Stadium','B'),
 (17,'Hard Rock Stadium','C'),
 (17,'Hard Rock Stadium','D'),
 (18,'Mercedes-Benz Stadium','A'),
 (18,'Mercedes-Benz Stadium','B'),
 (18,'Mercedes-Benz Stadium','C'),
 (18,'Mercedes-Benz Stadium','D'),
 (19,'SoFi Stadium','A'),
 (19,'SoFi Stadium','B'),
 (19,'SoFi Stadium','C'),
 (19,'SoFi Stadium','D'),
 (20,'BC Place','A'),
 (20,'BC Place','B'),
 (20,'BC Place','C'),
 (20,'BC Place','D'),
 (21,'Lumen Field','A'),
 (21,'Lumen Field','B'),
 (21,'Lumen Field','C'),
 (21,'Lumen Field','D'),
 (22,'Levi''s Stadium','A'),
 (22,'Levi''s Stadium','B'),
 (22,'Levi''s Stadium','C'),
 (22,'Levi''s Stadium','D'),
 (23,'SoFi Stadium','A'),
 (23,'SoFi Stadium','B'),
 (23,'SoFi Stadium','C'),
 (23,'SoFi Stadium','D'),
 (24,'Levi''s Stadium','A'),
 (24,'Levi''s Stadium','B'),
 (24,'Levi''s Stadium','C'),
 (24,'Levi''s Stadium','D'),
 (25,'NRG Stadium','A'),
 (25,'NRG Stadium','B'),
 (25,'NRG Stadium','C'),
 (25,'NRG Stadium','D'),
 (26,'Lincoln Financial Field','A'),
 (26,'Lincoln Financial Field','B'),
 (26,'Lincoln Financial Field','C'),
 (26,'Lincoln Financial Field','D'),
 (27,'BMO Field','A'),
 (27,'BMO Field','B'),
 (27,'BMO Field','C'),
 (27,'BMO Field','D'),
 (28,'Arrowhead Stadium','A'),
 (28,'Arrowhead Stadium','B'),
 (28,'Arrowhead Stadium','C'),
 (28,'Arrowhead Stadium','D'),
 (29,'Lincoln Financial Field','A'),
 (29,'Lincoln Financial Field','B'),
 (29,'Lincoln Financial Field','C'),
 (29,'Lincoln Financial Field','D'),
 (30,'MetLife Stadium','A'),
 (30,'MetLife Stadium','B'),
 (30,'MetLife Stadium','C'),
 (30,'MetLife Stadium','D'),
 (31,'AT&T Stadium','A'),
 (31,'AT&T Stadium','B'),
 (31,'AT&T Stadium','C'),
 (31,'AT&T Stadium','D'),
 (32,'Estadio BBVA','A'),
 (32,'Estadio BBVA','B'),
 (32,'Estadio BBVA','C'),
 (32,'Estadio BBVA','D'),
 (33,'NRG Stadium','A'),
 (33,'NRG Stadium','B'),
 (33,'NRG Stadium','C'),
 (33,'NRG Stadium','D'),
 (34,'Estadio BBVA','A'),
 (34,'Estadio BBVA','B'),
 (34,'Estadio BBVA','C'),
 (34,'Estadio BBVA','D'),
 (35,'AT&T Stadium','A'),
 (35,'AT&T Stadium','B'),
 (35,'AT&T Stadium','C'),
 (35,'AT&T Stadium','D'),
 (36,'Arrowhead Stadium','A'),
 (36,'Arrowhead Stadium','B'),
 (36,'Arrowhead Stadium','C'),
 (36,'Arrowhead Stadium','D'),
 (37,'Lumen Field','A'),
 (37,'Lumen Field','B'),
 (37,'Lumen Field','C'),
 (37,'Lumen Field','D'),
 (38,'SoFi Stadium','A'),
 (38,'SoFi Stadium','B'),
 (38,'SoFi Stadium','C'),
 (38,'SoFi Stadium','D'),
 (39,'SoFi Stadium','A'),
 (39,'SoFi Stadium','B'),
 (39,'SoFi Stadium','C'),
 (39,'SoFi Stadium','D'),
 (40,'BC Place','A'),
 (40,'BC Place','B'),
 (40,'BC Place','C'),
 (40,'BC Place','D'),
 (41,'Lumen Field','A'),
 (41,'Lumen Field','B'),
 (41,'Lumen Field','C'),
 (41,'Lumen Field','D'),
 (42,'BC Place','A'),
 (42,'BC Place','B'),
 (42,'BC Place','C'),
 (42,'BC Place','D'),
 (43,'Mercedes-Benz Stadium','A'),
 (43,'Mercedes-Benz Stadium','B'),
 (43,'Mercedes-Benz Stadium','C'),
 (43,'Mercedes-Benz Stadium','D'),
 (44,'Hard Rock Stadium','A'),
 (44,'Hard Rock Stadium','B'),
 (44,'Hard Rock Stadium','C'),
 (44,'Hard Rock Stadium','D'),
 (45,'Mercedes-Benz Stadium','A'),
 (45,'Mercedes-Benz Stadium','B'),
 (45,'Mercedes-Benz Stadium','C'),
 (45,'Mercedes-Benz Stadium','D'),
 (46,'Hard Rock Stadium','A'),
 (46,'Hard Rock Stadium','B'),
 (46,'Hard Rock Stadium','C'),
 (46,'Hard Rock Stadium','D'),
 (47,'NRG Stadium','A'),
 (47,'NRG Stadium','B'),
 (47,'NRG Stadium','C'),
 (47,'NRG Stadium','D'),
 (48,'Estadio Akron','A'),
 (48,'Estadio Akron','B'),
 (48,'Estadio Akron','C'),
 (48,'Estadio Akron','D'),
 (49,'MetLife Stadium','A'),
 (49,'MetLife Stadium','B'),
 (49,'MetLife Stadium','C'),
 (49,'MetLife Stadium','D'),
 (50,'Gillette Stadium','A'),
 (50,'Gillette Stadium','B'),
 (50,'Gillette Stadium','C'),
 (50,'Gillette Stadium','D'),
 (51,'Lincoln Financial Field','A'),
 (51,'Lincoln Financial Field','B'),
 (51,'Lincoln Financial Field','C'),
 (51,'Lincoln Financial Field','D'),
 (52,'MetLife Stadium','A'),
 (52,'MetLife Stadium','B'),
 (52,'MetLife Stadium','C'),
 (52,'MetLife Stadium','D'),
 (53,'Gillette Stadium','A'),
 (53,'Gillette Stadium','B'),
 (53,'Gillette Stadium','C'),
 (53,'Gillette Stadium','D'),
 (54,'BMO Field','A'),
 (54,'BMO Field','B'),
 (54,'BMO Field','C'),
 (54,'BMO Field','D'),
 (55,'Arrowhead Stadium','A'),
 (55,'Arrowhead Stadium','B'),
 (55,'Arrowhead Stadium','C'),
 (55,'Arrowhead Stadium','D'),
 (56,'Levi''s Stadium','A'),
 (56,'Levi''s Stadium','B'),
 (56,'Levi''s Stadium','C'),
 (56,'Levi''s Stadium','D'),
 (57,'AT&T Stadium','A'),
 (57,'AT&T Stadium','B'),
 (57,'AT&T Stadium','C'),
 (57,'AT&T Stadium','D'),
 (58,'Levi''s Stadium','A'),
 (58,'Levi''s Stadium','B'),
 (58,'Levi''s Stadium','C'),
 (58,'Levi''s Stadium','D'),
 (59,'Arrowhead Stadium','A'),
 (59,'Arrowhead Stadium','B'),
 (59,'Arrowhead Stadium','C'),
 (59,'Arrowhead Stadium','D'),
 (60,'AT&T Stadium','A'),
 (60,'AT&T Stadium','B'),
 (60,'AT&T Stadium','C'),
 (60,'AT&T Stadium','D'),
 (61,'NRG Stadium','A'),
 (61,'NRG Stadium','B'),
 (61,'NRG Stadium','C'),
 (61,'NRG Stadium','D'),
 (62,'Estadio Azteca','A'),
 (62,'Estadio Azteca','B'),
 (62,'Estadio Azteca','C'),
 (62,'Estadio Azteca','D'),
 (63,'NRG Stadium','A'),
 (63,'NRG Stadium','B'),
 (63,'NRG Stadium','C'),
 (63,'NRG Stadium','D'),
 (64,'Estadio Akron','A'),
 (64,'Estadio Akron','B'),
 (64,'Estadio Akron','C'),
 (64,'Estadio Akron','D'),
 (65,'Hard Rock Stadium','A'),
 (65,'Hard Rock Stadium','B'),
 (65,'Hard Rock Stadium','C'),
 (65,'Hard Rock Stadium','D'),
 (66,'Mercedes-Benz Stadium','A'),
 (66,'Mercedes-Benz Stadium','B'),
 (66,'Mercedes-Benz Stadium','C'),
 (66,'Mercedes-Benz Stadium','D'),
 (67,'AT&T Stadium','A'),
 (67,'AT&T Stadium','B'),
 (67,'AT&T Stadium','C'),
 (67,'AT&T Stadium','D'),
 (68,'BMO Field','A'),
 (68,'BMO Field','B'),
 (68,'BMO Field','C'),
 (68,'BMO Field','D'),
 (69,'Gillette Stadium','A'),
 (69,'Gillette Stadium','B'),
 (69,'Gillette Stadium','C'),
 (69,'Gillette Stadium','D'),
 (70,'BMO Field','A'),
 (70,'BMO Field','B'),
 (70,'BMO Field','C'),
 (70,'BMO Field','D'),
 (71,'MetLife Stadium','A'),
 (71,'MetLife Stadium','B'),
 (71,'MetLife Stadium','C'),
 (71,'MetLife Stadium','D'),
 (72,'Lincoln Financial Field','A'),
 (72,'Lincoln Financial Field','B'),
 (72,'Lincoln Financial Field','C'),
 (72,'Lincoln Financial Field','D'),
 (73,'SoFi Stadium','A'),
 (73,'SoFi Stadium','B'),
 (73,'SoFi Stadium','C'),
 (73,'SoFi Stadium','D'),
 (74,'Gillette Stadium','A'),
 (74,'Gillette Stadium','B'),
 (74,'Gillette Stadium','C'),
 (74,'Gillette Stadium','D'),
 (75,'Estadio BBVA','A'),
 (75,'Estadio BBVA','B'),
 (75,'Estadio BBVA','C'),
 (75,'Estadio BBVA','D'),
 (76,'NRG Stadium','A'),
 (76,'NRG Stadium','B'),
 (76,'NRG Stadium','C'),
 (76,'NRG Stadium','D'),
 (77,'MetLife Stadium','A'),
 (77,'MetLife Stadium','B'),
 (77,'MetLife Stadium','C'),
 (77,'MetLife Stadium','D'),
 (78,'AT&T Stadium','A'),
 (78,'AT&T Stadium','B'),
 (78,'AT&T Stadium','C'),
 (78,'AT&T Stadium','D'),
 (79,'Estadio Azteca','A'),
 (79,'Estadio Azteca','B'),
 (79,'Estadio Azteca','C'),
 (79,'Estadio Azteca','D'),
 (80,'Mercedes-Benz Stadium','A'),
 (80,'Mercedes-Benz Stadium','B'),
 (80,'Mercedes-Benz Stadium','C'),
 (80,'Mercedes-Benz Stadium','D'),
 (81,'Levi''s Stadium','A'),
 (81,'Levi''s Stadium','B'),
 (81,'Levi''s Stadium','C'),
 (81,'Levi''s Stadium','D'),
 (82,'Lumen Field','A'),
 (82,'Lumen Field','B'),
 (82,'Lumen Field','C'),
 (82,'Lumen Field','D'),
 (83,'BMO Field','A'),
 (83,'BMO Field','B'),
 (83,'BMO Field','C'),
 (83,'BMO Field','D'),
 (84,'SoFi Stadium','A'),
 (84,'SoFi Stadium','B'),
 (84,'SoFi Stadium','C'),
 (84,'SoFi Stadium','D'),
 (85,'BC Place','A'),
 (85,'BC Place','B'),
 (85,'BC Place','C'),
 (85,'BC Place','D'),
 (86,'Hard Rock Stadium','A'),
 (86,'Hard Rock Stadium','B'),
 (86,'Hard Rock Stadium','C'),
 (86,'Hard Rock Stadium','D'),
 (87,'Arrowhead Stadium','A'),
 (87,'Arrowhead Stadium','B'),
 (87,'Arrowhead Stadium','C'),
 (87,'Arrowhead Stadium','D'),
 (88,'AT&T Stadium','A'),
 (88,'AT&T Stadium','B'),
 (88,'AT&T Stadium','C'),
 (88,'AT&T Stadium','D'),
 (89,'Lincoln Financial Field','A'),
 (89,'Lincoln Financial Field','B'),
 (89,'Lincoln Financial Field','C'),
 (89,'Lincoln Financial Field','D'),
 (90,'NRG Stadium','A'),
 (90,'NRG Stadium','B'),
 (90,'NRG Stadium','C'),
 (90,'NRG Stadium','D'),
 (91,'MetLife Stadium','A'),
 (91,'MetLife Stadium','B'),
 (91,'MetLife Stadium','C'),
 (91,'MetLife Stadium','D'),
 (92,'Estadio Azteca','A'),
 (92,'Estadio Azteca','B'),
 (92,'Estadio Azteca','C'),
 (92,'Estadio Azteca','D'),
 (93,'AT&T Stadium','A'),
 (93,'AT&T Stadium','B'),
 (93,'AT&T Stadium','C'),
 (93,'AT&T Stadium','D'),
 (94,'Lumen Field','A'),
 (94,'Lumen Field','B'),
 (94,'Lumen Field','C'),
 (94,'Lumen Field','D'),
 (95,'Mercedes-Benz Stadium','A'),
 (95,'Mercedes-Benz Stadium','B'),
 (95,'Mercedes-Benz Stadium','C'),
 (95,'Mercedes-Benz Stadium','D'),
 (96,'BC Place','A'),
 (96,'BC Place','B'),
 (96,'BC Place','C'),
 (96,'BC Place','D'),
 (97,'Gillette Stadium','A'),
 (97,'Gillette Stadium','B'),
 (97,'Gillette Stadium','C'),
 (97,'Gillette Stadium','D'),
 (98,'SoFi Stadium','A'),
 (98,'SoFi Stadium','B'),
 (98,'SoFi Stadium','C'),
 (98,'SoFi Stadium','D'),
 (99,'Hard Rock Stadium','A'),
 (99,'Hard Rock Stadium','B'),
 (99,'Hard Rock Stadium','C'),
 (99,'Hard Rock Stadium','D'),
 (100,'Arrowhead Stadium','A'),
 (100,'Arrowhead Stadium','B'),
 (100,'Arrowhead Stadium','C'),
 (100,'Arrowhead Stadium','D'),
 (101,'AT&T Stadium','A'),
 (101,'AT&T Stadium','B'),
 (101,'AT&T Stadium','C'),
 (101,'AT&T Stadium','D'),
 (102,'Mercedes-Benz Stadium','A'),
 (102,'Mercedes-Benz Stadium','B'),
 (102,'Mercedes-Benz Stadium','C'),
 (102,'Mercedes-Benz Stadium','D'),
 (103,'Hard Rock Stadium','A'),
 (103,'Hard Rock Stadium','B'),
 (103,'Hard Rock Stadium','C'),
 (103,'Hard Rock Stadium','D'),
 (104,'MetLife Stadium','A'),
 (104,'MetLife Stadium','B'),
 (104,'MetLife Stadium','C'),
 (104,'MetLife Stadium','D');

-- ---------- Comision variable en el tiempo (3% -> 5% vigente) ----------
INSERT INTO comision(id_comision, porcentaje, vigente_desde, vigente_hasta) VALUES
 (1, 3.00, '2026-01-01 00:00:00', '2026-04-01 00:00:00'),
 (2, 5.00, '2026-04-01 00:00:00', NULL);

-- ---------- Administradores (uno por pais sede) ----------
INSERT INTO administrador(documento, nombre, apellido, correo, dir_pais, dir_localidad, dir_calle, dir_numero, dir_codigo_postal, fecha, cargo) VALUES
 ('ADM-1','Admin','Sede','admin@ticketing.uy','Uruguay','Montevideo','8 de Octubre','2738','11600','2026-01-15','Administrador General'),
 ('US-PAS-900001','Michael','Carter','mcarter@ticketing26.com','USA','New York','5th Avenue','350','10118','2026-02-01','Administrador Pais Sede - USA'),
 ('CA-PAS-900002','Sophie','Tremblay','stremblay@ticketing26.ca','Canada','Toronto','Bay Street','220','M5K1N2','2026-02-01','Administrador Pais Sede - Canada'),
 ('MX-PAS-900003','Lucia','Hernandez','lhernandez@ticketing26.mx','Mexico','Ciudad de Mexico','Paseo de la Reforma','505','06500','2026-02-05','Administrador Pais Sede - Mexico');

-- ---------- Funcionarios de validacion (con nro de legajo) ----------
INSERT INTO funcionario(documento, nombre, apellido, correo, dir_pais, dir_localidad, dir_calle, dir_numero, dir_codigo_postal, nro_legajo) VALUES
 ('FUN-1','Fabian','Validez','funcio@ticketing.uy','Uruguay','Montevideo','Av. Italia','3045','11600','LEG-001'),
 ('UY-CI-40000002','Diego','Soto','func2@ticketing26.com','Uruguay','Montevideo','Bvar. Artigas','1014','11300','LEG-002'),
 ('UY-CI-40000003','Marta','Quintero','func3@ticketing26.com','Uruguay','Montevideo','Bvar. Artigas','1021','11300','LEG-003'),
 ('UY-CI-40000004','Kevin','Brown','func4@ticketing26.com','Uruguay','Montevideo','Bvar. Artigas','1028','11300','LEG-004'),
 ('UY-CI-40000005','Aisha','Khan','func5@ticketing26.com','Uruguay','Montevideo','Bvar. Artigas','1035','11300','LEG-005'),
 ('UY-CI-40000006','Pierre','Dubois','func6@ticketing26.com','Uruguay','Montevideo','Bvar. Artigas','1042','11300','LEG-006'),
 ('UY-CI-40000007','Hiroshi','Tanaka','func7@ticketing26.com','Uruguay','Montevideo','Bvar. Artigas','1049','11300','LEG-007'),
 ('UY-CI-40000008','Carla','Méndez','func8@ticketing26.com','Uruguay','Montevideo','Bvar. Artigas','1056','11300','LEG-008'),
 ('UY-CI-40000009','Tom','Wilson','func9@ticketing26.com','Uruguay','Montevideo','Bvar. Artigas','1063','11300','LEG-009'),
 ('UY-CI-40000010','Nadia','Haddad','func10@ticketing26.com','Uruguay','Montevideo','Bvar. Artigas','1070','11300','LEG-010'),
 ('UY-CI-40000011','Bruno','Ferreira','func11@ticketing26.com','Uruguay','Montevideo','Bvar. Artigas','1077','11300','LEG-011'),
 ('UY-CI-40000012','Elena','Rossi','func12@ticketing26.com','Uruguay','Montevideo','Bvar. Artigas','1084','11300','LEG-012');

-- ---------- Usuarios generales (consumidores finales) ----------
INSERT INTO usuario_general(documento, nombre, apellido, correo, dir_pais, dir_localidad, dir_calle, dir_numero, dir_codigo_postal, fecha_alta, estado_verificacion) VALUES
 ('UG-1','Ana','Pérez','ana@mail.com','Uruguay','Montevideo','Rivera','2020','11200','2026-02-10',TRUE),
 ('UG-2','Beto','Gómez','beto@mail.com','Uruguay','Canelones','Treinta y Tres','145','90000','2026-02-12',TRUE),
 ('UG-3','Caro','Díaz','caro@mail.com','Uruguay','Salto','Uruguay','330','50000','2026-03-01',FALSE),
 ('AR-DNI-30551234','Lionel','Aguirre','laguirre@mail.com','Argentina','Rosario','Córdoba','1450','2000','2026-02-11',TRUE),
 ('BR-CPF-44871290','Camila','Souza','csouza@mail.com','Brasil','São Paulo','Paulista','900','01310','2026-06-17',TRUE),
 ('ES-DNI-50293841','Marcos','Iglesias','miglesias@mail.com','España','Madrid','Gran Vía','41','28013','2026-02-08',TRUE),
 ('US-SSN-552019384','Jessica','Miller','jmiller@mail.com','USA','Dallas','Main Street','777','75201','2026-06-20',TRUE),
 ('MX-CURP-71029384','Diego','Ramírez','dramirez@mail.com','Mexico','Guadalajara','Juárez','210','44100','2026-06-14',FALSE),
 ('UY-CI-51234567','Valentina','Castro','vcastro@mail.com','Uruguay','Montevideo','Colonia','1234','11100','2026-06-18',TRUE),
 ('UY-CI-49832015','Joaquín','Núñez','jnunez@mail.com','Uruguay','Maldonado','Gorlero','850','20100','2026-05-25',TRUE),
 ('FR-INSEE-18820934','Camille','Moreau','cmoreau@mail.com','Francia','Lyon','Rue de la Ré','12','69002','2026-06-15',TRUE),
 ('EN-NIN-AB123456','Oliver','Smith','osmith@mail.com','Inglaterra','Londres','Baker Street','221','NW16XE','2026-03-01',TRUE),
 ('DE-PA-T220001','Hannah','Müller','hmuller@mail.com','Alemania','Berlín','Unter den Linden','5','10117','2026-06-03',FALSE),
 ('CO-CC-1098765','Mateo','Gómez','mgomez@mail.com','Colombia','Bogotá','Carrera 7','60','110231','2026-02-10',TRUE),
 ('PT-CC-90283746','Inês','Costa','icosta@mail.com','Portugal','Lisboa','Avenida da Liberdade','100','1250','2026-02-15',TRUE),
 ('UY-CI-48120394','Sofía','Rodríguez','srodriguez@mail.com','Uruguay','Montevideo','Pocitos','456','11300','2026-02-27',TRUE),
 ('UY-CI-52093817','Martín','Fernández','mfernandez@mail.com','Uruguay','Paysandú','18 de Julio','990','60000','2026-05-22',FALSE),
 ('JP-MN-55012983','Yuki','Sato','ysato@mail.com','Japón','Tokio','Shibuya','3','150-0002','2026-04-07',TRUE),
 ('CA-SIN-460289173','Emma','Roy','eroy@mail.com','Canada','Vancouver','Granville','700','V6Z1K3','2026-05-09',TRUE),
 ('MA-CIN-EE445120','Youssef','El Amrani','yelamrani@mail.com','Marruecos','Casablanca','Boulevard Zerktouni','88','20000','2026-04-12',TRUE);

-- ---------- Telefonos de contacto (atributo multivaluado) ----------
INSERT INTO telefono_usuario(documento, telefono) VALUES
 ('ADM-1','097882206'),
 ('US-PAS-900001','092858237'),
 ('US-PAS-900001','24338117'),
 ('CA-PAS-900002','099406311'),
 ('CA-PAS-900002','22590928'),
 ('MX-PAS-900003','095125941'),
 ('FUN-1','096481201'),
 ('UY-CI-40000002','092518144'),
 ('UY-CI-40000003','099622668'),
 ('UY-CI-40000004','097630955'),
 ('UY-CI-40000005','098517488'),
 ('UY-CI-40000006','095985499'),
 ('UY-CI-40000007','098637866'),
 ('UY-CI-40000008','091703472'),
 ('UY-CI-40000008','22541060'),
 ('UY-CI-40000009','091838892'),
 ('UY-CI-40000010','092852151'),
 ('UY-CI-40000011','098249330'),
 ('UY-CI-40000012','094990900'),
 ('UG-1','098807058'),
 ('UG-2','099363199'),
 ('UG-3','095674775'),
 ('AR-DNI-30551234','099832245'),
 ('BR-CPF-44871290','097554103'),
 ('BR-CPF-44871290','23128418'),
 ('ES-DNI-50293841','091134717'),
 ('ES-DNI-50293841','24505145'),
 ('US-SSN-552019384','098942580'),
 ('MX-CURP-71029384','098477420'),
 ('UY-CI-51234567','095826293'),
 ('UY-CI-49832015','099903946'),
 ('FR-INSEE-18820934','097684935'),
 ('EN-NIN-AB123456','091971789'),
 ('EN-NIN-AB123456','23919546'),
 ('DE-PA-T220001','092559749'),
 ('CO-CC-1098765','099371404'),
 ('PT-CC-90283746','093546459'),
 ('UY-CI-48120394','098167418'),
 ('UY-CI-52093817','098488108'),
 ('UY-CI-52093817','23725162'),
 ('JP-MN-55012983','093571224'),
 ('CA-SIN-460289173','092100224'),
 ('MA-CIN-EE445120','099976981'),
 ('MA-CIN-EE445120','22833792');

-- ---------- Credenciales (todos: contrasenia 'demo1234') ----------
INSERT INTO credencial(documento, hash) VALUES
 ('ADM-1','$2a$11$uD/MQP7ROzF5km//TtdgG.vidXqseBSGQMQS7Fz5CbhJPUccv.hsK'),
 ('US-PAS-900001','$2a$11$uD/MQP7ROzF5km//TtdgG.vidXqseBSGQMQS7Fz5CbhJPUccv.hsK'),
 ('CA-PAS-900002','$2a$11$uD/MQP7ROzF5km//TtdgG.vidXqseBSGQMQS7Fz5CbhJPUccv.hsK'),
 ('MX-PAS-900003','$2a$11$uD/MQP7ROzF5km//TtdgG.vidXqseBSGQMQS7Fz5CbhJPUccv.hsK'),
 ('FUN-1','$2a$11$uD/MQP7ROzF5km//TtdgG.vidXqseBSGQMQS7Fz5CbhJPUccv.hsK'),
 ('UY-CI-40000002','$2a$11$uD/MQP7ROzF5km//TtdgG.vidXqseBSGQMQS7Fz5CbhJPUccv.hsK'),
 ('UY-CI-40000003','$2a$11$uD/MQP7ROzF5km//TtdgG.vidXqseBSGQMQS7Fz5CbhJPUccv.hsK'),
 ('UY-CI-40000004','$2a$11$uD/MQP7ROzF5km//TtdgG.vidXqseBSGQMQS7Fz5CbhJPUccv.hsK'),
 ('UY-CI-40000005','$2a$11$uD/MQP7ROzF5km//TtdgG.vidXqseBSGQMQS7Fz5CbhJPUccv.hsK'),
 ('UY-CI-40000006','$2a$11$uD/MQP7ROzF5km//TtdgG.vidXqseBSGQMQS7Fz5CbhJPUccv.hsK'),
 ('UY-CI-40000007','$2a$11$uD/MQP7ROzF5km//TtdgG.vidXqseBSGQMQS7Fz5CbhJPUccv.hsK'),
 ('UY-CI-40000008','$2a$11$uD/MQP7ROzF5km//TtdgG.vidXqseBSGQMQS7Fz5CbhJPUccv.hsK'),
 ('UY-CI-40000009','$2a$11$uD/MQP7ROzF5km//TtdgG.vidXqseBSGQMQS7Fz5CbhJPUccv.hsK'),
 ('UY-CI-40000010','$2a$11$uD/MQP7ROzF5km//TtdgG.vidXqseBSGQMQS7Fz5CbhJPUccv.hsK'),
 ('UY-CI-40000011','$2a$11$uD/MQP7ROzF5km//TtdgG.vidXqseBSGQMQS7Fz5CbhJPUccv.hsK'),
 ('UY-CI-40000012','$2a$11$uD/MQP7ROzF5km//TtdgG.vidXqseBSGQMQS7Fz5CbhJPUccv.hsK'),
 ('UG-1','$2a$11$uD/MQP7ROzF5km//TtdgG.vidXqseBSGQMQS7Fz5CbhJPUccv.hsK'),
 ('UG-2','$2a$11$uD/MQP7ROzF5km//TtdgG.vidXqseBSGQMQS7Fz5CbhJPUccv.hsK'),
 ('UG-3','$2a$11$uD/MQP7ROzF5km//TtdgG.vidXqseBSGQMQS7Fz5CbhJPUccv.hsK'),
 ('AR-DNI-30551234','$2a$11$uD/MQP7ROzF5km//TtdgG.vidXqseBSGQMQS7Fz5CbhJPUccv.hsK'),
 ('BR-CPF-44871290','$2a$11$uD/MQP7ROzF5km//TtdgG.vidXqseBSGQMQS7Fz5CbhJPUccv.hsK'),
 ('ES-DNI-50293841','$2a$11$uD/MQP7ROzF5km//TtdgG.vidXqseBSGQMQS7Fz5CbhJPUccv.hsK'),
 ('US-SSN-552019384','$2a$11$uD/MQP7ROzF5km//TtdgG.vidXqseBSGQMQS7Fz5CbhJPUccv.hsK'),
 ('MX-CURP-71029384','$2a$11$uD/MQP7ROzF5km//TtdgG.vidXqseBSGQMQS7Fz5CbhJPUccv.hsK'),
 ('UY-CI-51234567','$2a$11$uD/MQP7ROzF5km//TtdgG.vidXqseBSGQMQS7Fz5CbhJPUccv.hsK'),
 ('UY-CI-49832015','$2a$11$uD/MQP7ROzF5km//TtdgG.vidXqseBSGQMQS7Fz5CbhJPUccv.hsK'),
 ('FR-INSEE-18820934','$2a$11$uD/MQP7ROzF5km//TtdgG.vidXqseBSGQMQS7Fz5CbhJPUccv.hsK'),
 ('EN-NIN-AB123456','$2a$11$uD/MQP7ROzF5km//TtdgG.vidXqseBSGQMQS7Fz5CbhJPUccv.hsK'),
 ('DE-PA-T220001','$2a$11$uD/MQP7ROzF5km//TtdgG.vidXqseBSGQMQS7Fz5CbhJPUccv.hsK'),
 ('CO-CC-1098765','$2a$11$uD/MQP7ROzF5km//TtdgG.vidXqseBSGQMQS7Fz5CbhJPUccv.hsK'),
 ('PT-CC-90283746','$2a$11$uD/MQP7ROzF5km//TtdgG.vidXqseBSGQMQS7Fz5CbhJPUccv.hsK'),
 ('UY-CI-48120394','$2a$11$uD/MQP7ROzF5km//TtdgG.vidXqseBSGQMQS7Fz5CbhJPUccv.hsK'),
 ('UY-CI-52093817','$2a$11$uD/MQP7ROzF5km//TtdgG.vidXqseBSGQMQS7Fz5CbhJPUccv.hsK'),
 ('JP-MN-55012983','$2a$11$uD/MQP7ROzF5km//TtdgG.vidXqseBSGQMQS7Fz5CbhJPUccv.hsK'),
 ('CA-SIN-460289173','$2a$11$uD/MQP7ROzF5km//TtdgG.vidXqseBSGQMQS7Fz5CbhJPUccv.hsK'),
 ('MA-CIN-EE445120','$2a$11$uD/MQP7ROzF5km//TtdgG.vidXqseBSGQMQS7Fz5CbhJPUccv.hsK');

-- ---------- Dispositivos de validacion (10 habilitados, 2 fuera de servicio) ----------
INSERT INTO dispositivo(nro_serie, marca, modelo, habilitado) VALUES
 ('VAL-0001','Zebra','TC21',TRUE),
 ('VAL-0002','Zebra','TC26',TRUE),
 ('VAL-0003','Honeywell','CT30',TRUE),
 ('VAL-0004','Datalogic','Memor 11',TRUE),
 ('VAL-0005','Newland','MT90',TRUE),
 ('VAL-0006','Sunmi','L2K',TRUE),
 ('VAL-0007','Zebra','TC53',TRUE),
 ('VAL-0008','Honeywell','CT40',TRUE),
 ('VAL-0009','Sunmi','P2',TRUE),
 ('VAL-0010','Datalogic','Joya Touch',TRUE),
 ('VAL-0011','Newland','N7',FALSE),
 ('VAL-0012','Sunmi','M2',FALSE);

-- ---------- Asignacion dispositivo <-> funcionario (obligatoria) ----------
INSERT INTO funcionario_dispositivo(doc_funcionario, id_dispositivo) VALUES
 ('FUN-1',1),
 ('UY-CI-40000002',2),
 ('UY-CI-40000003',3),
 ('UY-CI-40000004',4),
 ('UY-CI-40000005',5),
 ('UY-CI-40000006',6),
 ('UY-CI-40000007',7),
 ('UY-CI-40000008',8),
 ('UY-CI-40000009',9),
 ('UY-CI-40000010',10),
 ('UY-CI-40000011',1),
 ('UY-CI-40000012',2);

-- ============================================================
--  VENTAS / ENTRADAS  (eventos destacados; el trigger crea la
--  tenencia inicial en usuario_tiene_entradas automaticamente)
-- ============================================================
-- ---------- Ventas (estados pendiente/confirmada/paga) ----------
INSERT INTO venta(nro_venta, monto_total, estado, fecha, doc_comprador, id_comision) VALUES
 (1,2557.80,'paga','2026-04-19 11:00:00','AR-DNI-30551234',2),
 (2,1543.50,'paga','2026-04-30 10:00:00','UG-1',2),
 (3,302.40,'paga','2026-05-01 11:00:00','UY-CI-48120394',2),
 (4,604.80,'paga','2026-04-19 10:00:00','ES-DNI-50293841',2),
 (5,122.85,'paga','2026-05-26 19:00:00','BR-CPF-44871290',2),
 (6,2410.20,'paga','2026-03-21 13:59:00','UG-3',1),
 (7,245.70,'paga','2026-04-25 21:00:00','UY-CI-52093817',2),
 (8,245.70,'paga','2026-05-28 23:00:00','PT-CC-90283746',2),
 (9,630.00,'paga','2026-04-27 06:00:00','PT-CC-90283746',2),
 (10,189.00,'paga','2026-05-29 17:00:00','US-SSN-552019384',2),
 (11,367.50,'paga','2026-04-27 17:00:00','US-SSN-552019384',2),
 (12,113.40,'paga','2026-05-30 10:00:00','ES-DNI-50293841',2),
 (13,113.40,'paga','2026-05-19 14:00:00','DE-PA-T220001',2),
 (14,819.00,'paga','2026-05-08 15:00:00','PT-CC-90283746',2),
 (15,735.00,'paga','2026-06-05 15:00:00','US-SSN-552019384',2),
 (16,997.50,'paga','2026-05-31 17:00:00','UG-1',2),
 (17,283.50,'paga','2026-05-01 19:00:00','JP-MN-55012983',2),
 (18,367.50,'paga','2026-04-27 18:00:00','JP-MN-55012983',2),
 (19,1890.00,'paga','2026-04-29 17:00:00','AR-DNI-30551234',2),
 (20,945.00,'paga','2026-06-17 20:00:00','UY-CI-51234567',2),
 (21,1236.00,'paga','2026-03-28 20:16:00','UY-CI-51234567',1),
 (22,189.00,'paga','2026-06-02 23:00:00','AR-DNI-30551234',2),
 (23,302.40,'paga','2026-04-27 10:00:00','MA-CIN-EE445120',2),
 (24,1512.00,'paga','2026-05-13 13:00:00','MA-CIN-EE445120',2),
 (25,1008.00,'paga','2026-05-26 13:00:00','UY-CI-52093817',2),
 (26,1008.00,'paga','2026-05-24 08:00:00','CO-CC-1098765',2),
 (27,3150.00,'paga','2026-06-10 17:00:00','FR-INSEE-18820934',2),
 (28,189.00,'paga','2026-06-05 00:00:00','AR-DNI-30551234',2),
 (29,721.00,'paga','2026-02-12 14:24:00','UY-CI-49832015',1),
 (30,556.50,'paga','2026-06-10 15:00:00','BR-CPF-44871290',2),
 (31,468.65,'paga','2026-03-18 15:26:00','MX-CURP-71029384',1),
 (32,1419.34,'paga','2026-02-18 08:41:00','CA-SIN-460289173',1),
 (33,3150.00,'pendiente','2026-06-29 11:00:00','UG-2',2),
 (34,1102.50,'confirmada','2026-05-13 15:00:00','UY-CI-52093817',2),
 (35,283.50,'confirmada','2026-06-17 16:00:00','UY-CI-51234567',2),
 (36,378.00,'confirmada','2026-06-03 15:00:00','US-SSN-552019384',2),
 (37,378.00,'paga','2026-05-10 17:00:00','UY-CI-52093817',2),
 (38,1837.50,'confirmada','2026-05-13 16:00:00','UY-CI-51234567',2),
 (39,906.40,'paga','2026-03-13 16:33:00','CA-SIN-460289173',1),
 (40,367.50,'paga','2026-06-13 12:00:00','BR-CPF-44871290',2),
 (41,367.50,'pendiente','2026-06-16 15:00:00','UY-CI-49832015',2),
 (42,1201.20,'paga','2026-06-08 14:00:00','MA-CIN-EE445120',2),
 (43,2593.50,'paga','2026-06-29 19:00:00','FR-INSEE-18820934',2),
 (44,1638.00,'pendiente','2026-06-30 10:00:00','UY-CI-49832015',2),
 (45,340.20,'paga','2026-05-25 18:00:00','AR-DNI-30551234',2),
 (46,226.80,'pendiente','2026-07-03 11:00:00','UY-CI-48120394',2),
 (47,432.60,'paga','2026-02-26 15:49:00','EN-NIN-AB123456',1),
 (48,340.20,'paga','2026-06-20 08:00:00','UY-CI-52093817',2),
 (49,283.50,'confirmada','2026-05-30 16:00:00','PT-CC-90283746',2),
 (50,829.50,'paga','2026-07-04 14:00:00','CA-SIN-460289173',2),
 (51,302.40,'paga','2026-06-16 15:00:00','FR-INSEE-18820934',2);

-- ---------- Entradas (cada boleto, propiedad inicial del comprador) ----------
INSERT INTO entrada(nro_entrada, nro_venta, id_evento, nombre_estadio, nombre_sector, fila, asiento, doc_propietario) VALUES
 (1,1,1,'Estadio Azteca','C','1','1','AR-DNI-30551234'),
 (2,1,1,'Estadio Azteca','A','1','1','AR-DNI-30551234'),
 (3,1,1,'Estadio Azteca','C','1','2','AR-DNI-30551234'),
 (4,1,1,'Estadio Azteca','A','1','2','AR-DNI-30551234'),
 (5,1,1,'Estadio Azteca','C','1','3','AR-DNI-30551234'),
 (6,2,1,'Estadio Azteca','B','1','1','UG-1'),
 (7,2,1,'Estadio Azteca','B','1','2','UG-1'),
 (8,2,1,'Estadio Azteca','B','1','3','UG-1'),
 (9,3,13,'MetLife Stadium','D','1','1','UY-CI-48120394'),
 (10,3,13,'MetLife Stadium','D','1','2','UY-CI-48120394'),
 (11,4,13,'MetLife Stadium','D','1','3','ES-DNI-50293841'),
 (12,4,13,'MetLife Stadium','D','1','4','ES-DNI-50293841'),
 (13,4,13,'MetLife Stadium','D','1','5','ES-DNI-50293841'),
 (14,4,13,'MetLife Stadium','D','1','6','ES-DNI-50293841'),
 (15,5,19,'SoFi Stadium','D','1','1','BR-CPF-44871290'),
 (16,6,19,'SoFi Stadium','A','1','1','UG-3'),
 (17,6,19,'SoFi Stadium','A','1','2','UG-3'),
 (18,6,19,'SoFi Stadium','A','1','3','UG-3'),
 (19,7,19,'SoFi Stadium','D','1','2','UY-CI-52093817'),
 (20,7,19,'SoFi Stadium','D','1','3','UY-CI-52093817'),
 (21,8,19,'SoFi Stadium','D','1','4','PT-CC-90283746'),
 (22,8,19,'SoFi Stadium','D','1','5','PT-CC-90283746'),
 (23,9,25,'NRG Stadium','A','1','1','PT-CC-90283746'),
 (24,10,25,'NRG Stadium','D','1','1','US-SSN-552019384'),
 (25,10,25,'NRG Stadium','D','1','2','US-SSN-552019384'),
 (26,11,25,'NRG Stadium','B','1','1','US-SSN-552019384'),
 (27,12,43,'Mercedes-Benz Stadium','D','1','1','ES-DNI-50293841'),
 (28,13,43,'Mercedes-Benz Stadium','D','1','2','DE-PA-T220001'),
 (29,14,44,'Hard Rock Stadium','C','1','1','PT-CC-90283746'),
 (30,14,44,'Hard Rock Stadium','A','1','1','PT-CC-90283746'),
 (31,15,44,'Hard Rock Stadium','B','1','1','US-SSN-552019384'),
 (32,15,44,'Hard Rock Stadium','B','1','2','US-SSN-552019384'),
 (33,16,44,'Hard Rock Stadium','B','1','3','UG-1'),
 (34,16,44,'Hard Rock Stadium','A','1','2','UG-1'),
 (35,17,46,'Hard Rock Stadium','C','1','1','JP-MN-55012983'),
 (36,17,46,'Hard Rock Stadium','D','1','1','JP-MN-55012983'),
 (37,18,46,'Hard Rock Stadium','B','1','1','JP-MN-55012983'),
 (38,19,46,'Hard Rock Stadium','A','1','1','AR-DNI-30551234'),
 (39,19,46,'Hard Rock Stadium','A','1','2','AR-DNI-30551234'),
 (40,19,46,'Hard Rock Stadium','A','1','3','AR-DNI-30551234'),
 (41,20,48,'Estadio Akron','C','1','1','UY-CI-51234567'),
 (42,20,48,'Estadio Akron','C','1','2','UY-CI-51234567'),
 (43,20,48,'Estadio Akron','C','1','3','UY-CI-51234567'),
 (44,20,48,'Estadio Akron','C','1','4','UY-CI-51234567'),
 (45,20,48,'Estadio Akron','C','1','5','UY-CI-51234567'),
 (46,21,48,'Estadio Akron','A','1','1','UY-CI-51234567'),
 (47,21,48,'Estadio Akron','A','1','2','UY-CI-51234567'),
 (48,22,48,'Estadio Akron','C','1','6','AR-DNI-30551234'),
 (49,23,49,'MetLife Stadium','C','1','1','MA-CIN-EE445120'),
 (50,24,49,'MetLife Stadium','C','1','2','MA-CIN-EE445120'),
 (51,24,49,'MetLife Stadium','C','1','3','MA-CIN-EE445120'),
 (52,24,49,'MetLife Stadium','C','1','4','MA-CIN-EE445120'),
 (53,24,49,'MetLife Stadium','C','1','5','MA-CIN-EE445120'),
 (54,24,49,'MetLife Stadium','C','1','6','MA-CIN-EE445120'),
 (55,25,49,'MetLife Stadium','A','1','1','UY-CI-52093817'),
 (56,26,49,'MetLife Stadium','A','1','2','CO-CC-1098765'),
 (57,27,55,'Arrowhead Stadium','A','1','1','FR-INSEE-18820934'),
 (58,27,55,'Arrowhead Stadium','A','1','2','FR-INSEE-18820934'),
 (59,27,55,'Arrowhead Stadium','A','1','3','FR-INSEE-18820934'),
 (60,27,55,'Arrowhead Stadium','A','1','4','FR-INSEE-18820934'),
 (61,27,55,'Arrowhead Stadium','A','1','5','FR-INSEE-18820934'),
 (62,28,55,'Arrowhead Stadium','C','1','1','AR-DNI-30551234'),
 (63,29,55,'Arrowhead Stadium','B','1','1','UY-CI-49832015'),
 (64,29,55,'Arrowhead Stadium','B','1','2','UY-CI-49832015'),
 (65,30,55,'Arrowhead Stadium','D','1','1','BR-CPF-44871290'),
 (66,30,55,'Arrowhead Stadium','B','1','3','BR-CPF-44871290'),
 (67,30,55,'Arrowhead Stadium','D','1','2','BR-CPF-44871290'),
 (68,31,67,'AT&T Stadium','B','1','1','MX-CURP-71029384'),
 (69,32,67,'AT&T Stadium','C','1','1','CA-SIN-460289173'),
 (70,32,67,'AT&T Stadium','B','1','2','CA-SIN-460289173'),
 (71,32,67,'AT&T Stadium','C','1','2','CA-SIN-460289173'),
 (72,32,67,'AT&T Stadium','B','1','3','CA-SIN-460289173'),
 (73,33,89,'Lincoln Financial Field','A','1','1','UG-2'),
 (74,33,89,'Lincoln Financial Field','A','1','2','UG-2'),
 (75,33,89,'Lincoln Financial Field','A','1','3','UG-2'),
 (76,33,89,'Lincoln Financial Field','A','1','4','UG-2'),
 (77,33,89,'Lincoln Financial Field','A','1','5','UG-2'),
 (78,34,89,'Lincoln Financial Field','B','1','1','UY-CI-52093817'),
 (79,34,89,'Lincoln Financial Field','B','1','2','UY-CI-52093817'),
 (80,34,89,'Lincoln Financial Field','B','1','3','UY-CI-52093817'),
 (81,35,89,'Lincoln Financial Field','D','1','1','UY-CI-51234567'),
 (82,35,89,'Lincoln Financial Field','C','1','1','UY-CI-51234567'),
 (83,36,90,'NRG Stadium','C','1','1','US-SSN-552019384'),
 (84,36,90,'NRG Stadium','C','1','2','US-SSN-552019384'),
 (85,37,90,'NRG Stadium','C','1','3','UY-CI-52093817'),
 (86,37,90,'NRG Stadium','C','1','4','UY-CI-52093817'),
 (87,38,90,'NRG Stadium','B','1','1','UY-CI-51234567'),
 (88,38,90,'NRG Stadium','B','1','2','UY-CI-51234567'),
 (89,38,90,'NRG Stadium','B','1','3','UY-CI-51234567'),
 (90,38,90,'NRG Stadium','B','1','4','UY-CI-51234567'),
 (91,38,90,'NRG Stadium','B','1','5','UY-CI-51234567'),
 (92,39,97,'Gillette Stadium','B','1','1','CA-SIN-460289173'),
 (93,39,97,'Gillette Stadium','C','1','1','CA-SIN-460289173'),
 (94,39,97,'Gillette Stadium','B','1','2','CA-SIN-460289173'),
 (95,40,97,'Gillette Stadium','B','1','3','BR-CPF-44871290'),
 (96,41,97,'Gillette Stadium','B','1','4','UY-CI-49832015'),
 (97,42,98,'SoFi Stadium','B','1','1','MA-CIN-EE445120'),
 (98,42,98,'SoFi Stadium','C','1','1','MA-CIN-EE445120'),
 (99,42,98,'SoFi Stadium','B','1','2','MA-CIN-EE445120'),
 (100,43,101,'AT&T Stadium','A','1','1','FR-INSEE-18820934'),
 (101,43,101,'AT&T Stadium','B','1','1','FR-INSEE-18820934'),
 (102,43,101,'AT&T Stadium','A','1','2','FR-INSEE-18820934'),
 (103,43,101,'AT&T Stadium','B','1','2','FR-INSEE-18820934'),
 (104,44,101,'AT&T Stadium','A','1','3','UY-CI-49832015'),
 (105,44,101,'AT&T Stadium','A','1','4','UY-CI-49832015'),
 (106,45,102,'Mercedes-Benz Stadium','C','1','1','AR-DNI-30551234'),
 (107,45,102,'Mercedes-Benz Stadium','D','1','1','AR-DNI-30551234'),
 (108,46,102,'Mercedes-Benz Stadium','D','1','2','UY-CI-48120394'),
 (109,46,102,'Mercedes-Benz Stadium','D','1','3','UY-CI-48120394'),
 (110,47,102,'Mercedes-Benz Stadium','B','1','1','EN-NIN-AB123456'),
 (111,48,102,'Mercedes-Benz Stadium','D','1','4','UY-CI-52093817'),
 (112,48,102,'Mercedes-Benz Stadium','D','1','5','UY-CI-52093817'),
 (113,48,102,'Mercedes-Benz Stadium','D','1','6','UY-CI-52093817'),
 (114,49,103,'Hard Rock Stadium','D','1','1','PT-CC-90283746'),
 (115,49,103,'Hard Rock Stadium','D','1','2','PT-CC-90283746'),
 (116,49,103,'Hard Rock Stadium','D','1','3','PT-CC-90283746'),
 (117,50,103,'Hard Rock Stadium','B','1','1','CA-SIN-460289173'),
 (118,50,103,'Hard Rock Stadium','D','1','4','CA-SIN-460289173'),
 (119,50,103,'Hard Rock Stadium','B','1','2','CA-SIN-460289173'),
 (120,51,104,'MetLife Stadium','C','1','1','FR-INSEE-18820934');

-- ---------- Codigo QR activo por entrada (token dinamico) ----------
INSERT INTO codigo_qr(id_codigo, nro_entrada, codigo, generado_en, activo) VALUES
 (1,1,'QR-1-SEED250433','2026-06-10 19:00:00',TRUE),
 (2,2,'QR-2-SEED688565','2026-06-10 19:00:00',TRUE),
 (3,3,'QR-3-SEED909943','2026-06-10 19:00:00',TRUE),
 (4,4,'QR-4-SEED229222','2026-06-10 19:00:00',TRUE),
 (5,5,'QR-5-SEED380924','2026-06-10 19:00:00',TRUE),
 (6,6,'QR-6-SEED407724','2026-06-10 19:00:00',TRUE),
 (7,7,'QR-7-SEED702289','2026-06-10 19:00:00',TRUE),
 (8,8,'QR-8-SEED580314','2026-06-10 19:00:00',TRUE),
 (9,9,'QR-9-SEED763949','2026-06-12 22:00:00',TRUE),
 (10,10,'QR-10-SEED520735','2026-06-12 22:00:00',TRUE),
 (11,11,'QR-11-SEED518854','2026-06-12 22:00:00',TRUE),
 (12,12,'QR-12-SEED122775','2026-06-12 22:00:00',TRUE),
 (13,13,'QR-13-SEED676438','2026-06-12 22:00:00',TRUE),
 (14,14,'QR-14-SEED851265','2026-06-12 22:00:00',TRUE),
 (15,15,'QR-15-SEED445159','2026-06-12 01:00:00',TRUE),
 (16,16,'QR-16-SEED806862','2026-06-12 01:00:00',TRUE),
 (17,17,'QR-17-SEED529559','2026-06-12 01:00:00',TRUE),
 (18,18,'QR-18-SEED453199','2026-06-12 01:00:00',TRUE),
 (19,19,'QR-19-SEED199621','2026-06-12 01:00:00',TRUE),
 (20,20,'QR-20-SEED812166','2026-06-12 01:00:00',TRUE),
 (21,21,'QR-21-SEED904419','2026-06-12 01:00:00',TRUE),
 (22,22,'QR-22-SEED618714','2026-06-12 01:00:00',TRUE),
 (23,23,'QR-23-SEED811146','2026-06-13 17:00:00',TRUE),
 (24,24,'QR-24-SEED988517','2026-06-13 17:00:00',TRUE),
 (25,25,'QR-25-SEED763734','2026-06-13 17:00:00',TRUE),
 (26,26,'QR-26-SEED981879','2026-06-13 17:00:00',TRUE),
 (27,27,'QR-27-SEED800058','2026-06-14 16:00:00',TRUE),
 (28,28,'QR-28-SEED901499','2026-06-14 16:00:00',TRUE),
 (29,29,'QR-29-SEED672953','2026-06-14 22:00:00',TRUE),
 (30,30,'QR-30-SEED641789','2026-06-14 22:00:00',TRUE),
 (31,31,'QR-31-SEED320109','2026-06-14 22:00:00',TRUE),
 (32,32,'QR-32-SEED545053','2026-06-14 22:00:00',TRUE),
 (33,33,'QR-33-SEED469266','2026-06-14 22:00:00',TRUE),
 (34,34,'QR-34-SEED779713','2026-06-14 22:00:00',TRUE),
 (35,35,'QR-35-SEED446497','2026-06-20 22:00:00',TRUE),
 (36,36,'QR-36-SEED162947','2026-06-20 22:00:00',TRUE),
 (37,37,'QR-37-SEED519182','2026-06-20 22:00:00',TRUE),
 (38,38,'QR-38-SEED859626','2026-06-20 22:00:00',TRUE),
 (39,39,'QR-39-SEED281371','2026-06-20 22:00:00',TRUE),
 (40,40,'QR-40-SEED111026','2026-06-20 22:00:00',TRUE),
 (41,41,'QR-41-SEED380027','2026-06-26 00:00:00',TRUE),
 (42,42,'QR-42-SEED686071','2026-06-26 00:00:00',TRUE),
 (43,43,'QR-43-SEED835777','2026-06-26 00:00:00',TRUE),
 (44,44,'QR-44-SEED364423','2026-06-26 00:00:00',TRUE),
 (45,45,'QR-45-SEED236943','2026-06-26 00:00:00',TRUE),
 (46,46,'QR-46-SEED450238','2026-06-26 00:00:00',TRUE),
 (47,47,'QR-47-SEED707074','2026-06-26 00:00:00',TRUE),
 (48,48,'QR-48-SEED775667','2026-06-26 00:00:00',TRUE),
 (49,49,'QR-49-SEED741426','2026-06-15 19:00:00',TRUE),
 (50,50,'QR-50-SEED534763','2026-06-15 19:00:00',TRUE),
 (51,51,'QR-51-SEED973381','2026-06-15 19:00:00',TRUE),
 (52,52,'QR-52-SEED916003','2026-06-15 19:00:00',TRUE),
 (53,53,'QR-53-SEED941052','2026-06-15 19:00:00',TRUE),
 (54,54,'QR-54-SEED599062','2026-06-15 19:00:00',TRUE),
 (55,55,'QR-55-SEED992685','2026-06-15 19:00:00',TRUE),
 (56,56,'QR-56-SEED606375','2026-06-15 19:00:00',TRUE),
 (57,57,'QR-57-SEED455201','2026-06-16 01:00:00',TRUE),
 (58,58,'QR-58-SEED112324','2026-06-16 01:00:00',TRUE),
 (59,59,'QR-59-SEED139316','2026-06-16 01:00:00',TRUE),
 (60,60,'QR-60-SEED894055','2026-06-16 01:00:00',TRUE),
 (61,61,'QR-61-SEED330551','2026-06-16 01:00:00',TRUE),
 (62,62,'QR-62-SEED767177','2026-06-16 01:00:00',TRUE),
 (63,63,'QR-63-SEED226710','2026-06-16 01:00:00',TRUE),
 (64,64,'QR-64-SEED792769','2026-06-16 01:00:00',TRUE),
 (65,65,'QR-65-SEED993273','2026-06-16 01:00:00',TRUE),
 (66,66,'QR-66-SEED381693','2026-06-16 01:00:00',TRUE),
 (67,67,'QR-67-SEED442479','2026-06-16 01:00:00',TRUE),
 (68,68,'QR-68-SEED118652','2026-06-16 20:00:00',TRUE),
 (69,69,'QR-69-SEED917648','2026-06-16 20:00:00',TRUE),
 (70,70,'QR-70-SEED319387','2026-06-16 20:00:00',TRUE),
 (71,71,'QR-71-SEED929155','2026-06-16 20:00:00',TRUE),
 (72,72,'QR-72-SEED579342','2026-06-16 20:00:00',TRUE),
 (73,73,'QR-73-SEED639955','2026-07-03 21:00:00',TRUE),
 (74,74,'QR-74-SEED390360','2026-07-03 21:00:00',TRUE),
 (75,75,'QR-75-SEED753080','2026-07-03 21:00:00',TRUE),
 (76,76,'QR-76-SEED760780','2026-07-03 21:00:00',TRUE),
 (77,77,'QR-77-SEED487379','2026-07-03 21:00:00',TRUE),
 (78,78,'QR-78-SEED182824','2026-07-03 21:00:00',TRUE),
 (79,79,'QR-79-SEED682761','2026-07-03 21:00:00',TRUE),
 (80,80,'QR-80-SEED826069','2026-07-03 21:00:00',TRUE),
 (81,81,'QR-81-SEED296768','2026-07-03 21:00:00',TRUE),
 (82,82,'QR-82-SEED665141','2026-07-03 21:00:00',TRUE),
 (83,83,'QR-83-SEED906290','2026-07-03 17:00:00',TRUE),
 (84,84,'QR-84-SEED111946','2026-07-03 17:00:00',TRUE),
 (85,85,'QR-85-SEED200236','2026-07-03 17:00:00',TRUE),
 (86,86,'QR-86-SEED263396','2026-07-03 17:00:00',TRUE),
 (87,87,'QR-87-SEED446012','2026-07-03 17:00:00',TRUE),
 (88,88,'QR-88-SEED330062','2026-07-03 17:00:00',TRUE),
 (89,89,'QR-89-SEED585977','2026-07-03 17:00:00',TRUE),
 (90,90,'QR-90-SEED316395','2026-07-03 17:00:00',TRUE),
 (91,91,'QR-91-SEED735523','2026-07-03 17:00:00',TRUE),
 (92,92,'QR-92-SEED805841','2026-07-08 20:00:00',TRUE),
 (93,93,'QR-93-SEED279073','2026-07-08 20:00:00',TRUE),
 (94,94,'QR-94-SEED839787','2026-07-08 20:00:00',TRUE),
 (95,95,'QR-95-SEED424479','2026-07-08 20:00:00',TRUE),
 (96,96,'QR-96-SEED188376','2026-07-08 20:00:00',TRUE),
 (97,97,'QR-97-SEED695198','2026-07-09 19:00:00',TRUE),
 (98,98,'QR-98-SEED537297','2026-07-09 19:00:00',TRUE),
 (99,99,'QR-99-SEED846406','2026-07-09 19:00:00',TRUE),
 (100,100,'QR-100-SEED647147','2026-07-13 19:00:00',TRUE),
 (101,101,'QR-101-SEED814227','2026-07-13 19:00:00',TRUE),
 (102,102,'QR-102-SEED717674','2026-07-13 19:00:00',TRUE),
 (103,103,'QR-103-SEED686319','2026-07-13 19:00:00',TRUE),
 (104,104,'QR-104-SEED239725','2026-07-13 19:00:00',TRUE),
 (105,105,'QR-105-SEED213304','2026-07-13 19:00:00',TRUE),
 (106,106,'QR-106-SEED129679','2026-07-14 19:00:00',TRUE),
 (107,107,'QR-107-SEED384032','2026-07-14 19:00:00',TRUE),
 (108,108,'QR-108-SEED539915','2026-07-14 19:00:00',TRUE),
 (109,109,'QR-109-SEED146639','2026-07-14 19:00:00',TRUE),
 (110,110,'QR-110-SEED294257','2026-07-14 19:00:00',TRUE),
 (111,111,'QR-111-SEED676960','2026-07-14 19:00:00',TRUE),
 (112,112,'QR-112-SEED869917','2026-07-14 19:00:00',TRUE),
 (113,113,'QR-113-SEED638366','2026-07-14 19:00:00',TRUE),
 (114,114,'QR-114-SEED342592','2026-07-17 21:00:00',TRUE),
 (115,115,'QR-115-SEED593637','2026-07-17 21:00:00',TRUE),
 (116,116,'QR-116-SEED789842','2026-07-17 21:00:00',TRUE),
 (117,117,'QR-117-SEED795259','2026-07-17 21:00:00',TRUE),
 (118,118,'QR-118-SEED457843','2026-07-17 21:00:00',TRUE),
 (119,119,'QR-119-SEED460246','2026-07-17 21:00:00',TRUE),
 (120,120,'QR-120-SEED464288','2026-07-18 19:00:00',TRUE);

-- ============================================================
--  VALIDACIONES (eventos ya jugados). Regla de negocio: el
--  funcionario queda asignado solo a sectores que efectivamente
--  valido => 'valido en todos los sectores asignados'.
-- ============================================================
-- ---------- Funcionarios asignados a sectores de cada evento ----------
INSERT INTO funcionario_asignado(doc_funcionario, nombre_estadio, nombre_sector, id_evento) VALUES
 ('FUN-1','Estadio Azteca','A',1),
 ('FUN-1','Estadio Azteca','B',1),
 ('FUN-1','Estadio Azteca','C',1),
 ('UY-CI-40000002','MetLife Stadium','D',13),
 ('UY-CI-40000003','SoFi Stadium','A',19),
 ('UY-CI-40000003','SoFi Stadium','D',19),
 ('UY-CI-40000004','NRG Stadium','B',25),
 ('UY-CI-40000004','NRG Stadium','D',25),
 ('UY-CI-40000005','Mercedes-Benz Stadium','D',43),
 ('UY-CI-40000006','Hard Rock Stadium','A',44),
 ('UY-CI-40000006','Hard Rock Stadium','B',44),
 ('UY-CI-40000006','Hard Rock Stadium','C',44),
 ('UY-CI-40000007','Hard Rock Stadium','A',46),
 ('UY-CI-40000007','Hard Rock Stadium','B',46),
 ('UY-CI-40000007','Hard Rock Stadium','D',46),
 ('UY-CI-40000008','Estadio Akron','A',48),
 ('UY-CI-40000008','Estadio Akron','C',48),
 ('UY-CI-40000009','MetLife Stadium','A',49),
 ('UY-CI-40000009','MetLife Stadium','C',49),
 ('UY-CI-40000010','Arrowhead Stadium','A',55),
 ('UY-CI-40000010','Arrowhead Stadium','B',55),
 ('UY-CI-40000010','Arrowhead Stadium','C',55),
 ('UY-CI-40000010','Arrowhead Stadium','D',55),
 ('UY-CI-40000011','AT&T Stadium','B',67),
 ('UY-CI-40000011','AT&T Stadium','C',67);

-- ---------- Registro de validaciones (id_codigo = id de codigo_qr) ----------
INSERT INTO validacion(nro_entrada, fecha_hora, id_codigo, doc_funcionario, id_dispositivo) VALUES
 (1,'2026-06-11 18:43:00',1,'FUN-1',1),
 (2,'2026-06-11 18:36:00',2,'FUN-1',1),
 (3,'2026-06-11 18:49:00',3,'FUN-1',1),
 (4,'2026-06-11 18:32:00',4,'FUN-1',1),
 (5,'2026-06-11 18:43:00',5,'FUN-1',1),
 (6,'2026-06-11 18:37:00',6,'FUN-1',1),
 (7,'2026-06-11 18:52:00',7,'FUN-1',1),
 (8,'2026-06-11 18:45:00',8,'FUN-1',1),
 (9,'2026-06-13 21:52:00',9,'UY-CI-40000002',2),
 (10,'2026-06-13 22:03:00',10,'UY-CI-40000002',2),
 (11,'2026-06-13 21:54:00',11,'UY-CI-40000002',2),
 (12,'2026-06-13 21:39:00',12,'UY-CI-40000002',2),
 (13,'2026-06-13 21:50:00',13,'UY-CI-40000002',2),
 (14,'2026-06-13 21:59:00',14,'UY-CI-40000002',2),
 (15,'2026-06-13 00:31:00',15,'UY-CI-40000003',3),
 (16,'2026-06-13 00:36:00',16,'UY-CI-40000003',3),
 (17,'2026-06-13 00:53:00',17,'UY-CI-40000003',3),
 (18,'2026-06-13 00:53:00',18,'UY-CI-40000003',3),
 (19,'2026-06-13 00:44:00',19,'UY-CI-40000003',3),
 (20,'2026-06-13 01:00:00',20,'UY-CI-40000003',3),
 (21,'2026-06-13 00:26:00',21,'UY-CI-40000003',3),
 (22,'2026-06-13 00:58:00',22,'UY-CI-40000003',3),
 (24,'2026-06-14 16:53:00',24,'UY-CI-40000004',4),
 (25,'2026-06-14 16:28:00',25,'UY-CI-40000004',4),
 (26,'2026-06-14 16:52:00',26,'UY-CI-40000004',4),
 (27,'2026-06-15 16:05:00',27,'UY-CI-40000005',5),
 (28,'2026-06-15 15:51:00',28,'UY-CI-40000005',5),
 (29,'2026-06-15 21:54:00',29,'UY-CI-40000006',6),
 (30,'2026-06-15 21:32:00',30,'UY-CI-40000006',6),
 (31,'2026-06-15 21:29:00',31,'UY-CI-40000006',6),
 (32,'2026-06-15 21:58:00',32,'UY-CI-40000006',6),
 (33,'2026-06-15 21:55:00',33,'UY-CI-40000006',6),
 (34,'2026-06-15 22:05:00',34,'UY-CI-40000006',6),
 (36,'2026-06-21 22:02:00',36,'UY-CI-40000007',7),
 (37,'2026-06-21 21:22:00',37,'UY-CI-40000007',7),
 (38,'2026-06-21 21:37:00',38,'UY-CI-40000007',7),
 (39,'2026-06-21 21:39:00',39,'UY-CI-40000007',7),
 (40,'2026-06-21 21:31:00',40,'UY-CI-40000007',7),
 (41,'2026-06-26 23:46:00',41,'UY-CI-40000008',8),
 (42,'2026-06-27 00:01:00',42,'UY-CI-40000008',8),
 (43,'2026-06-26 23:59:00',43,'UY-CI-40000008',8),
 (44,'2026-06-26 23:51:00',44,'UY-CI-40000008',8),
 (45,'2026-06-26 23:54:00',45,'UY-CI-40000008',8),
 (46,'2026-06-26 23:21:00',46,'UY-CI-40000008',8),
 (47,'2026-06-26 23:39:00',47,'UY-CI-40000008',8),
 (48,'2026-06-26 23:34:00',48,'UY-CI-40000008',8),
 (49,'2026-06-16 18:50:00',49,'UY-CI-40000009',9),
 (50,'2026-06-16 18:20:00',50,'UY-CI-40000009',9),
 (51,'2026-06-16 18:23:00',51,'UY-CI-40000009',9),
 (52,'2026-06-16 18:26:00',52,'UY-CI-40000009',9),
 (53,'2026-06-16 18:42:00',53,'UY-CI-40000009',9),
 (54,'2026-06-16 18:57:00',54,'UY-CI-40000009',9),
 (55,'2026-06-16 19:05:00',55,'UY-CI-40000009',9),
 (56,'2026-06-16 19:04:00',56,'UY-CI-40000009',9),
 (57,'2026-06-17 00:51:00',57,'UY-CI-40000010',10),
 (58,'2026-06-17 00:33:00',58,'UY-CI-40000010',10),
 (59,'2026-06-17 00:43:00',59,'UY-CI-40000010',10),
 (60,'2026-06-17 00:30:00',60,'UY-CI-40000010',10),
 (61,'2026-06-17 00:54:00',61,'UY-CI-40000010',10),
 (62,'2026-06-17 00:47:00',62,'UY-CI-40000010',10),
 (63,'2026-06-17 00:47:00',63,'UY-CI-40000010',10),
 (64,'2026-06-17 00:49:00',64,'UY-CI-40000010',10),
 (65,'2026-06-17 00:43:00',65,'UY-CI-40000010',10),
 (66,'2026-06-17 01:05:00',66,'UY-CI-40000010',10),
 (67,'2026-06-17 00:33:00',67,'UY-CI-40000010',10),
 (68,'2026-06-17 19:25:00',68,'UY-CI-40000011',1),
 (69,'2026-06-17 19:33:00',69,'UY-CI-40000011',1),
 (70,'2026-06-17 19:32:00',70,'UY-CI-40000011',1),
 (71,'2026-06-17 19:27:00',71,'UY-CI-40000011',1),
 (72,'2026-06-17 19:25:00',72,'UY-CI-40000011',1);

-- ---------- Marcar entradas como consumidas (hora_validacion irreversible) ----------
UPDATE entrada SET hora_validacion='2026-06-11 18:43:00', id_dispositivo=1 WHERE nro_entrada=1;
UPDATE entrada SET hora_validacion='2026-06-11 18:36:00', id_dispositivo=1 WHERE nro_entrada=2;
UPDATE entrada SET hora_validacion='2026-06-11 18:49:00', id_dispositivo=1 WHERE nro_entrada=3;
UPDATE entrada SET hora_validacion='2026-06-11 18:32:00', id_dispositivo=1 WHERE nro_entrada=4;
UPDATE entrada SET hora_validacion='2026-06-11 18:43:00', id_dispositivo=1 WHERE nro_entrada=5;
UPDATE entrada SET hora_validacion='2026-06-11 18:37:00', id_dispositivo=1 WHERE nro_entrada=6;
UPDATE entrada SET hora_validacion='2026-06-11 18:52:00', id_dispositivo=1 WHERE nro_entrada=7;
UPDATE entrada SET hora_validacion='2026-06-11 18:45:00', id_dispositivo=1 WHERE nro_entrada=8;
UPDATE entrada SET hora_validacion='2026-06-13 21:52:00', id_dispositivo=2 WHERE nro_entrada=9;
UPDATE entrada SET hora_validacion='2026-06-13 22:03:00', id_dispositivo=2 WHERE nro_entrada=10;
UPDATE entrada SET hora_validacion='2026-06-13 21:54:00', id_dispositivo=2 WHERE nro_entrada=11;
UPDATE entrada SET hora_validacion='2026-06-13 21:39:00', id_dispositivo=2 WHERE nro_entrada=12;
UPDATE entrada SET hora_validacion='2026-06-13 21:50:00', id_dispositivo=2 WHERE nro_entrada=13;
UPDATE entrada SET hora_validacion='2026-06-13 21:59:00', id_dispositivo=2 WHERE nro_entrada=14;
UPDATE entrada SET hora_validacion='2026-06-13 00:31:00', id_dispositivo=3 WHERE nro_entrada=15;
UPDATE entrada SET hora_validacion='2026-06-13 00:36:00', id_dispositivo=3 WHERE nro_entrada=16;
UPDATE entrada SET hora_validacion='2026-06-13 00:53:00', id_dispositivo=3 WHERE nro_entrada=17;
UPDATE entrada SET hora_validacion='2026-06-13 00:53:00', id_dispositivo=3 WHERE nro_entrada=18;
UPDATE entrada SET hora_validacion='2026-06-13 00:44:00', id_dispositivo=3 WHERE nro_entrada=19;
UPDATE entrada SET hora_validacion='2026-06-13 01:00:00', id_dispositivo=3 WHERE nro_entrada=20;
UPDATE entrada SET hora_validacion='2026-06-13 00:26:00', id_dispositivo=3 WHERE nro_entrada=21;
UPDATE entrada SET hora_validacion='2026-06-13 00:58:00', id_dispositivo=3 WHERE nro_entrada=22;
UPDATE entrada SET hora_validacion='2026-06-14 16:53:00', id_dispositivo=4 WHERE nro_entrada=24;
UPDATE entrada SET hora_validacion='2026-06-14 16:28:00', id_dispositivo=4 WHERE nro_entrada=25;
UPDATE entrada SET hora_validacion='2026-06-14 16:52:00', id_dispositivo=4 WHERE nro_entrada=26;
UPDATE entrada SET hora_validacion='2026-06-15 16:05:00', id_dispositivo=5 WHERE nro_entrada=27;
UPDATE entrada SET hora_validacion='2026-06-15 15:51:00', id_dispositivo=5 WHERE nro_entrada=28;
UPDATE entrada SET hora_validacion='2026-06-15 21:54:00', id_dispositivo=6 WHERE nro_entrada=29;
UPDATE entrada SET hora_validacion='2026-06-15 21:32:00', id_dispositivo=6 WHERE nro_entrada=30;
UPDATE entrada SET hora_validacion='2026-06-15 21:29:00', id_dispositivo=6 WHERE nro_entrada=31;
UPDATE entrada SET hora_validacion='2026-06-15 21:58:00', id_dispositivo=6 WHERE nro_entrada=32;
UPDATE entrada SET hora_validacion='2026-06-15 21:55:00', id_dispositivo=6 WHERE nro_entrada=33;
UPDATE entrada SET hora_validacion='2026-06-15 22:05:00', id_dispositivo=6 WHERE nro_entrada=34;
UPDATE entrada SET hora_validacion='2026-06-21 22:02:00', id_dispositivo=7 WHERE nro_entrada=36;
UPDATE entrada SET hora_validacion='2026-06-21 21:22:00', id_dispositivo=7 WHERE nro_entrada=37;
UPDATE entrada SET hora_validacion='2026-06-21 21:37:00', id_dispositivo=7 WHERE nro_entrada=38;
UPDATE entrada SET hora_validacion='2026-06-21 21:39:00', id_dispositivo=7 WHERE nro_entrada=39;
UPDATE entrada SET hora_validacion='2026-06-21 21:31:00', id_dispositivo=7 WHERE nro_entrada=40;
UPDATE entrada SET hora_validacion='2026-06-26 23:46:00', id_dispositivo=8 WHERE nro_entrada=41;
UPDATE entrada SET hora_validacion='2026-06-27 00:01:00', id_dispositivo=8 WHERE nro_entrada=42;
UPDATE entrada SET hora_validacion='2026-06-26 23:59:00', id_dispositivo=8 WHERE nro_entrada=43;
UPDATE entrada SET hora_validacion='2026-06-26 23:51:00', id_dispositivo=8 WHERE nro_entrada=44;
UPDATE entrada SET hora_validacion='2026-06-26 23:54:00', id_dispositivo=8 WHERE nro_entrada=45;
UPDATE entrada SET hora_validacion='2026-06-26 23:21:00', id_dispositivo=8 WHERE nro_entrada=46;
UPDATE entrada SET hora_validacion='2026-06-26 23:39:00', id_dispositivo=8 WHERE nro_entrada=47;
UPDATE entrada SET hora_validacion='2026-06-26 23:34:00', id_dispositivo=8 WHERE nro_entrada=48;
UPDATE entrada SET hora_validacion='2026-06-16 18:50:00', id_dispositivo=9 WHERE nro_entrada=49;
UPDATE entrada SET hora_validacion='2026-06-16 18:20:00', id_dispositivo=9 WHERE nro_entrada=50;
UPDATE entrada SET hora_validacion='2026-06-16 18:23:00', id_dispositivo=9 WHERE nro_entrada=51;
UPDATE entrada SET hora_validacion='2026-06-16 18:26:00', id_dispositivo=9 WHERE nro_entrada=52;
UPDATE entrada SET hora_validacion='2026-06-16 18:42:00', id_dispositivo=9 WHERE nro_entrada=53;
UPDATE entrada SET hora_validacion='2026-06-16 18:57:00', id_dispositivo=9 WHERE nro_entrada=54;
UPDATE entrada SET hora_validacion='2026-06-16 19:05:00', id_dispositivo=9 WHERE nro_entrada=55;
UPDATE entrada SET hora_validacion='2026-06-16 19:04:00', id_dispositivo=9 WHERE nro_entrada=56;
UPDATE entrada SET hora_validacion='2026-06-17 00:51:00', id_dispositivo=10 WHERE nro_entrada=57;
UPDATE entrada SET hora_validacion='2026-06-17 00:33:00', id_dispositivo=10 WHERE nro_entrada=58;
UPDATE entrada SET hora_validacion='2026-06-17 00:43:00', id_dispositivo=10 WHERE nro_entrada=59;
UPDATE entrada SET hora_validacion='2026-06-17 00:30:00', id_dispositivo=10 WHERE nro_entrada=60;
UPDATE entrada SET hora_validacion='2026-06-17 00:54:00', id_dispositivo=10 WHERE nro_entrada=61;
UPDATE entrada SET hora_validacion='2026-06-17 00:47:00', id_dispositivo=10 WHERE nro_entrada=62;
UPDATE entrada SET hora_validacion='2026-06-17 00:47:00', id_dispositivo=10 WHERE nro_entrada=63;
UPDATE entrada SET hora_validacion='2026-06-17 00:49:00', id_dispositivo=10 WHERE nro_entrada=64;
UPDATE entrada SET hora_validacion='2026-06-17 00:43:00', id_dispositivo=10 WHERE nro_entrada=65;
UPDATE entrada SET hora_validacion='2026-06-17 01:05:00', id_dispositivo=10 WHERE nro_entrada=66;
UPDATE entrada SET hora_validacion='2026-06-17 00:33:00', id_dispositivo=10 WHERE nro_entrada=67;
UPDATE entrada SET hora_validacion='2026-06-17 19:25:00', id_dispositivo=1 WHERE nro_entrada=68;
UPDATE entrada SET hora_validacion='2026-06-17 19:33:00', id_dispositivo=1 WHERE nro_entrada=69;
UPDATE entrada SET hora_validacion='2026-06-17 19:32:00', id_dispositivo=1 WHERE nro_entrada=70;
UPDATE entrada SET hora_validacion='2026-06-17 19:27:00', id_dispositivo=1 WHERE nro_entrada=71;
UPDATE entrada SET hora_validacion='2026-06-17 19:25:00', id_dispositivo=1 WHERE nro_entrada=72;

-- ---------- Desactivar el QR consumido en cada validacion ----------
UPDATE codigo_qr SET activo=FALSE WHERE nro_entrada IN (1,2,3,4,5,6,7,8,9,10,11,12,13,14,15,16,17,18,19,20,21,22,24,25,26,27,28,29,30,31,32,33,34,36,37,38,39,40,41,42,43,44,45,46,47,48,49,50,51,52,53,54,55,56,57,58,59,60,61,62,63,64,65,66,67,68,69,70,71,72);

-- ============================================================
--  TRANSFERENCIAS (max 3 por entrada antes de validar).
--  Se inserta 'pendiente' (trigger fija contador) y luego se
--  resuelve; al aceptar, otro trigger cambia el propietario.
-- ============================================================
-- Cadena de custodia: 3 transferencias aceptadas sobre la entrada 95 (contador 1,2,3)
INSERT INTO transferencia(nro_entrada, fecha_hora, doc_emisor, doc_receptor) VALUES (95,'2026-06-20 10:00:00','BR-CPF-44871290','FR-INSEE-18820934');
UPDATE transferencia SET estado='aceptada' WHERE nro_entrada=95 AND fecha_hora='2026-06-20 10:00:00';
INSERT INTO transferencia(nro_entrada, fecha_hora, doc_emisor, doc_receptor) VALUES (95,'2026-06-20 15:00:00','FR-INSEE-18820934','EN-NIN-AB123456');
UPDATE transferencia SET estado='aceptada' WHERE nro_entrada=95 AND fecha_hora='2026-06-20 15:00:00';
INSERT INTO transferencia(nro_entrada, fecha_hora, doc_emisor, doc_receptor) VALUES (95,'2026-06-20 20:00:00','EN-NIN-AB123456','UG-2');
UPDATE transferencia SET estado='aceptada' WHERE nro_entrada=95 AND fecha_hora='2026-06-20 20:00:00';
-- Transferencia pendiente (a la espera de aceptacion del receptor)
INSERT INTO transferencia(nro_entrada, fecha_hora, doc_emisor, doc_receptor) VALUES (118,'2026-06-21 01:00:00','CA-SIN-460289173','AR-DNI-30551234');
-- Transferencia rechazada por el receptor
INSERT INTO transferencia(nro_entrada, fecha_hora, doc_emisor, doc_receptor) VALUES (116,'2026-06-21 06:00:00','PT-CC-90283746','UG-2');
UPDATE transferencia SET estado='rechazada' WHERE nro_entrada=116 AND fecha_hora='2026-06-21 06:00:00';
-- Transferencia cancelada por el emisor
INSERT INTO transferencia(nro_entrada, fecha_hora, doc_emisor, doc_receptor) VALUES (112,'2026-06-21 11:00:00','UY-CI-52093817','AR-DNI-30551234');
UPDATE transferencia SET estado='cancelada' WHERE nro_entrada=112 AND fecha_hora='2026-06-21 11:00:00';

-- Transferencias aceptadas sueltas (cambian propietario)
INSERT INTO transferencia(nro_entrada, fecha_hora, doc_emisor, doc_receptor) VALUES (83,'2026-06-21 16:00:00','US-SSN-552019384','CA-SIN-460289173');
UPDATE transferencia SET estado='aceptada' WHERE nro_entrada=83 AND fecha_hora='2026-06-21 16:00:00';
INSERT INTO transferencia(nro_entrada, fecha_hora, doc_emisor, doc_receptor) VALUES (80,'2026-06-21 21:00:00','UY-CI-52093817','BR-CPF-44871290');
UPDATE transferencia SET estado='aceptada' WHERE nro_entrada=80 AND fecha_hora='2026-06-21 21:00:00';
INSERT INTO transferencia(nro_entrada, fecha_hora, doc_emisor, doc_receptor) VALUES (84,'2026-06-22 02:00:00','US-SSN-552019384','UY-CI-48120394');
UPDATE transferencia SET estado='aceptada' WHERE nro_entrada=84 AND fecha_hora='2026-06-22 02:00:00';

-- ============================================================
--  Resumen: 48 equipos, 16 estadios, 104 eventos, 19 destacados con ventas,
--  51 ventas, 120 entradas, 70 validaciones, 4 admins, 12 funcionarios, 20 usuarios.
-- ============================================================
